alert_id,entity_id,asset_id,severity,category,status,created_at,closed_at,disposition
ALT-0001,ENT-003,AST-ENT-003-04,Critical,Possible SQL Injection (T1190),Closed,2026-09-18T00:49:36.794669,2026-09-18T04:37:36.794669,False Positive
ALT-0002,ENT-002,AST-ENT-002-01,Critical,Suspicious PowerShell Execution (T1059.001),Closed,2026-08-30T09:03:36.794669,2026-08-30T11:14:36.794669,True Positive
ALT-0003,ENT-002,AST-ENT-002-01,High,Ransomware Indicator (T1486),Closed,2026-09-03T16:25:36.794669,2026-09-03T18:54:36.794669,True Positive
ALT-0004,ENT-005,AST-ENT-005-05,Low,Brute Force Authentication (T1110),Closed,2026-09-04T07:36:36.794669,2026-09-04T08:46:36.794669,True Positive
ALT-0005,ENT-001,AST-ENT-001-04,Low,Ransomware Indicator (T1486),Closed,2026-09-11T15:40:36.794669,2026-09-11T16:42:36.794669,False Positive
ALT-0006,ENT-003,AST-ENT-003-01,High,Ransomware Indicator (T1486),Closed,2026-09-13T09:51:36.794669,2026-09-13T13:36:36.794669,Benign
ALT-0007,ENT-003,AST-ENT-003-04,Critical,Suspicious PowerShell Execution (T1059.001),Closed,2026-09-10T09:08:36.794669,2026-09-10T11:23:36.794669,False Positive
ALT-0008,ENT-003,AST-ENT-003-03,Critical,Data Exfiltration over DNS (T1048.003),Closed,2026-09-06T16:53:36.794669,2026-09-06T18:01:36.794669,True Positive
ALT-0009,ENT-003,AST-ENT-003-04,Critical,Possible SQL Injection (T1190),Closed,2026-09-27T08:02:36.794669,2026-09-27T10:50:36.794669,False Positive
ALT-0010,ENT-001,AST-ENT-001-04,Medium,Possible SQL Injection (T1190),Closed,2026-09-21T06:40:36.794669,2026-09-21T07:49:36.794669,True Positive
ALT-0011,ENT-003,AST-ENT-003-01,Low,Suspicious PowerShell Execution (T1059.001),Closed,2026-09-13T07:11:36.794669,2026-09-13T10:28:36.794669,Benign
ALT-0012,ENT-005,AST-ENT-005-04,Low,Brute Force Authentication (T1110),Closed,2026-09-09T09:55:36.794669,2026-09-09T12:25:36.794669,Benign
ALT-0013,ENT-005,AST-ENT-005-02,High,Data Exfiltration over DNS (T1048.003),Closed,2026-09-16T23:45:36.794669,2026-09-17T02:22:36.794669,Benign
ALT-0014,ENT-004,AST-ENT-004-03,Medium,Suspicious PowerShell Execution (T1059.001),Closed,2026-09-01T00:42:36.794669,2026-09-01T03:07:36.794669,Benign
ALT-0015,ENT-003,AST-ENT-003-01,Critical,Data Exfiltration over DNS (T1048.003),Closed,2026-09-27T13:17:36.794669,2026-09-27T13:18:45.794669,False Positive
ALT-0016,ENT-002,AST-ENT-002-04,Medium,Data Exfiltration over DNS (T1048.003),Closed,2026-09-01T20:04:36.794669,2026-09-01T22:52:36.794669,Benign
ALT-0017,ENT-002,AST-ENT-002-03,Critical,Ransomware Indicator (T1486),Closed,2026-09-06T08:16:36.794669,2026-09-06T10:45:36.794669,True Positive
ALT-0018,ENT-001,AST-ENT-001-05,Medium,Suspicious PowerShell Execution (T1059.001),Closed,2026-09-27T19:45:36.794669,2026-09-27T22:59:36.794669,True Positive
ALT-0019,ENT-002,AST-ENT-002-05,Low,Brute Force Authentication (T1110),Closed,2026-09-22T11:09:36.794669,2026-09-22T13:44:36.794669,True Positive
ALT-0020,ENT-005,AST-ENT-005-04,Low,Possible SQL Injection (T1190),Closed,2026-09-05T14:25:36.794669,2026-09-05T17:05:36.794669,False Positive
ALT-0021,ENT-005,AST-ENT-005-02,Medium,Data Exfiltration over DNS (T1048.003),Closed,2026-09-26T19:25:36.794669,2026-09-26T21:29:36.794669,True Positive
ALT-0022,ENT-005,AST-ENT-005-05,Low,Brute Force Authentication (T1110),Closed,2026-09-06T05:10:36.794669,2026-09-06T06:46:36.794669,False Positive
ALT-0023,ENT-005,AST-ENT-005-02,Medium,Data Exfiltration over DNS (T1048.003),Closed,2026-08-28T22:47:36.794669,2026-08-29T01:01:36.794669,Benign
ALT-0024,ENT-003,AST-ENT-003-01,High,Suspicious PowerShell Execution (T1059.001),Closed,2026-09-23T17:35:36.794669,2026-09-23T19:13:36.794669,Benign
ALT-0025,ENT-002,AST-ENT-002-04,Critical,Ransomware Indicator (T1486),Closed,2026-09-27T21:28:36.794669,2026-09-27T23:03:36.794669,Benign
ALT-0026,ENT-001,AST-ENT-001-04,Low,Data Exfiltration over DNS (T1048.003),Closed,2026-09-03T04:01:36.794669,2026-09-03T06:59:36.794669,Benign
ALT-0027,ENT-005,AST-ENT-005-02,Low,Possible SQL Injection (T1190),Closed,2026-09-15T05:40:36.794669,2026-09-15T08:21:36.794669,False Positive
ALT-0028,ENT-001,AST-ENT-001-01,Low,Data Exfiltration over DNS (T1048.003),Closed,2026-08-29T14:23:36.794669,2026-08-29T16:21:36.794669,True Positive
ALT-0029,ENT-003,AST-ENT-003-05,Critical,Ransomware Indicator (T1486),Closed,2026-09-24T12:48:36.794669,2026-09-24T16:11:36.794669,False Positive
ALT-0030,ENT-002,AST-ENT-002-01,Low,Possible SQL Injection (T1190),Closed,2026-09-19T16:18:36.794669,2026-09-19T17:22:36.794669,False Positive
ALT-0031,ENT-001,AST-ENT-001-03,Critical,Brute Force Authentication (T1110),Closed,2026-08-31T15:18:36.794669,2026-08-31T17:12:36.794669,Benign
ALT-0032,ENT-001,AST-ENT-001-05,Critical,Suspicious PowerShell Execution (T1059.001),Closed,2026-09-16T15:45:36.794669,2026-09-16T17:18:36.794669,True Positive
ALT-0033,ENT-001,AST-ENT-001-04,Medium,Possible SQL Injection (T1190),Closed,2026-09-23T19:18:36.794669,2026-09-23T20:43:36.794669,False Positive
ALT-0034,ENT-005,AST-ENT-005-05,High,Data Exfiltration over DNS (T1048.003),Closed,2026-09-18T15:18:36.794669,2026-09-18T16:35:36.794669,True Positive
ALT-0035,ENT-003,AST-ENT-003-02,Medium,Data Exfiltration over DNS (T1048.003),Closed,2026-09-17T20:40:36.794669,2026-09-17T22:17:36.794669,False Positive
ALT-0036,ENT-001,AST-ENT-001-01,Critical,Suspicious PowerShell Execution (T1059.001),Closed,2026-09-07T17:55:36.794669,2026-09-07T20:55:36.794669,False Positive
ALT-0037,ENT-002,AST-ENT-002-03,Low,Data Exfiltration over DNS (T1048.003),Closed,2026-09-01T17:47:36.794669,2026-09-01T18:05:36.794669,Benign
ALT-0038,ENT-002,AST-ENT-002-05,Low,Data Exfiltration over DNS (T1048.003),Closed,2026-09-26T05:47:36.794669,2026-09-26T07:14:36.794669,False Positive
ALT-0039,ENT-002,AST-ENT-002-03,Low,Suspicious PowerShell Execution (T1059.001),Closed,2026-09-08T12:29:36.794669,2026-09-08T16:14:36.794669,True Positive
ALT-0040,ENT-003,AST-ENT-003-01,Medium,Brute Force Authentication (T1110),Closed,2026-09-09T04:02:36.794669,2026-09-09T07:24:36.794669,Benign
ALT-0041,ENT-003,AST-ENT-003-02,Low,Suspicious PowerShell Execution (T1059.001),Closed,2026-09-01T16:10:36.794669,2026-09-01T18:49:36.794669,False Positive
ALT-0042,ENT-004,AST-ENT-004-01,High,Data Exfiltration over DNS (T1048.003),Closed,2026-08-30T02:45:36.794669,2026-08-30T03:35:36.794669,False Positive
ALT-0043,ENT-002,AST-ENT-002-05,Medium,Data Exfiltration over DNS (T1048.003),Closed,2026-09-10T03:29:36.794669,2026-09-10T05:49:36.794669,False Positive
ALT-0044,ENT-003,AST-ENT-003-03,Low,Possible SQL Injection (T1190),Closed,2026-08-31T23:30:36.794669,2026-09-01T00:05:36.794669,False Positive
ALT-0045,ENT-005,AST-ENT-005-03,Low,Possible SQL Injection (T1190),Closed,2026-09-21T20:49:36.794669,2026-09-21T23:19:36.794669,False Positive
ALT-0046,ENT-001,AST-ENT-001-03,Low,Brute Force Authentication (T1110),Closed,2026-09-11T05:38:36.794669,2026-09-11T08:37:36.794669,Benign
ALT-0047,ENT-005,AST-ENT-005-01,High,Possible SQL Injection (T1190),Closed,2026-09-21T12:50:36.794669,2026-09-21T15:04:36.794669,True Positive
ALT-0048,ENT-002,AST-ENT-002-03,Medium,Possible SQL Injection (T1190),Closed,2026-09-02T08:01:36.794669,2026-09-02T11:45:36.794669,False Positive
ALT-0049,ENT-002,AST-ENT-002-02,Critical,Suspicious PowerShell Execution (T1059.001),Closed,2026-09-19T01:58:36.794669,2026-09-19T02:16:36.794669,Benign
ALT-0050,ENT-001,AST-ENT-001-03,High,Brute Force Authentication (T1110),Closed,2026-09-08T12:35:36.794669,2026-09-08T14:18:36.794669,Benign
ALT-0051,ENT-001,AST-ENT-001-03,High,Possible SQL Injection (T1190),Closed,2026-09-03T18:37:36.794669,2026-09-03T21:44:36.794669,True Positive
ALT-0052,ENT-005,AST-ENT-005-03,High,Possible SQL Injection (T1190),Closed,2026-08-30T19:02:36.794669,2026-08-30T21:45:36.794669,True Positive
ALT-0053,ENT-002,AST-ENT-002-03,Medium,Data Exfiltration over DNS (T1048.003),Closed,2026-09-13T18:34:36.794669,2026-09-13T20:13:36.794669,Benign
ALT-0054,ENT-002,AST-ENT-002-03,Critical,Possible SQL Injection (T1190),Closed,2026-09-17T18:48:36.794669,2026-09-17T22:26:36.794669,True Positive
ALT-0055,ENT-003,AST-ENT-003-01,High,Suspicious PowerShell Execution (T1059.001),Closed,2026-08-30T21:38:36.794669,2026-08-30T23:16:36.794669,Benign
ALT-0056,ENT-001,AST-ENT-001-03,Medium,Possible SQL Injection (T1190),Closed,2026-09-17T20:41:36.794669,2026-09-18T00:35:36.794669,False Positive
ALT-0057,ENT-004,AST-ENT-004-01,High,Possible SQL Injection (T1190),Closed,2026-09-22T08:54:36.794669,2026-09-22T12:46:36.794669,True Positive
ALT-0058,ENT-003,AST-ENT-003-02,Low,Brute Force Authentication (T1110),Closed,2026-09-28T17:46:36.794669,2026-09-28T20:41:36.794669,False Positive
ALT-0059,ENT-005,AST-ENT-005-02,Medium,Brute Force Authentication (T1110),Closed,2026-09-07T10:39:36.794669,2026-09-07T12:25:36.794669,False Positive
ALT-0060,ENT-004,AST-ENT-004-04,High,Suspicious PowerShell Execution (T1059.001),Closed,2026-09-10T12:13:36.794669,2026-09-10T13:57:36.794669,False Positive
ALT-0061,ENT-004,AST-ENT-004-03,Medium,Ransomware Indicator (T1486),Closed,2026-08-30T03:30:36.794669,2026-08-30T05:53:36.794669,Benign
ALT-0062,ENT-002,AST-ENT-002-04,Medium,Ransomware Indicator (T1486),Closed,2026-09-10T21:15:36.794669,2026-09-11T00:45:36.794669,False Positive
ALT-0063,ENT-001,AST-ENT-001-01,Critical,Ransomware Indicator (T1486),Closed,2026-09-10T19:37:36.794669,2026-09-10T20:48:36.794669,True Positive
ALT-0064,ENT-004,AST-ENT-004-04,High,Ransomware Indicator (T1486),Closed,2026-09-20T01:04:36.794669,2026-09-20T04:27:36.794669,False Positive
ALT-0065,ENT-002,AST-ENT-002-04,High,Suspicious PowerShell Execution (T1059.001),Closed,2026-09-13T17:17:36.794669,2026-09-13T20:00:36.794669,True Positive
ALT-0066,ENT-001,AST-ENT-001-05,High,Ransomware Indicator (T1486),Closed,2026-09-19T13:34:36.794669,2026-09-19T15:32:36.794669,Benign
ALT-0067,ENT-003,AST-ENT-003-02,Low,Suspicious PowerShell Execution (T1059.001),Closed,2026-09-18T20:58:36.794669,2026-09-18T23:57:36.794669,False Positive
ALT-0068,ENT-002,AST-ENT-002-04,Critical,Possible SQL Injection (T1190),Closed,2026-09-21T22:20:36.794669,2026-09-21T23:38:36.794669,True Positive
ALT-0069,ENT-003,AST-ENT-003-02,High,Suspicious PowerShell Execution (T1059.001),Closed,2026-09-07T17:47:36.794669,2026-09-07T19:54:36.794669,Benign
ALT-0070,ENT-004,AST-ENT-004-04,Low,Brute Force Authentication (T1110),Closed,2026-09-17T06:17:36.794669,2026-09-17T09:57:36.794669,Benign
ALT-0071,ENT-004,AST-ENT-004-03,Medium,Brute Force Authentication (T1110),Closed,2026-09-16T02:12:36.794669,2026-09-16T03:27:36.794669,True Positive
ALT-0072,ENT-004,AST-ENT-004-03,High,Ransomware Indicator (T1486),Closed,2026-09-27T15:54:36.794669,2026-09-27T18:16:36.794669,Benign
ALT-0073,ENT-002,AST-ENT-002-03,Low,Possible SQL Injection (T1190),Closed,2026-09-14T21:11:36.794669,2026-09-15T00:16:36.794669,True Positive
ALT-0074,ENT-004,AST-ENT-004-02,Medium,Possible SQL Injection (T1190),Closed,2026-09-08T08:51:36.794669,2026-09-08T12:44:36.794669,True Positive
ALT-0075,ENT-002,AST-ENT-002-02,High,Possible SQL Injection (T1190),Closed,2026-09-12T21:03:36.794669,2026-09-12T23:56:36.794669,True Positive
ALT-0076,ENT-001,AST-ENT-001-02,Low,Brute Force Authentication (T1110),Closed,2026-09-18T19:38:36.794669,2026-09-18T23:29:36.794669,False Positive
ALT-0077,ENT-002,AST-ENT-002-05,Low,Possible SQL Injection (T1190),Closed,2026-09-12T16:45:36.794669,2026-09-12T17:42:36.794669,False Positive
ALT-0078,ENT-002,AST-ENT-002-04,Low,Ransomware Indicator (T1486),Closed,2026-09-17T23:48:36.794669,2026-09-18T01:28:36.794669,False Positive
ALT-0079,ENT-003,AST-ENT-003-04,Low,Ransomware Indicator (T1486),Closed,2026-09-25T06:38:36.794669,2026-09-25T10:20:36.794669,Benign
ALT-0080,ENT-001,AST-ENT-001-01,High,Possible SQL Injection (T1190),Closed,2026-09-15T19:42:36.794669,2026-09-15T19:59:36.794669,Benign
ALT-0081,ENT-001,AST-ENT-001-02,Critical,Suspicious PowerShell Execution (T1059.001),Closed,2026-08-29T20:06:36.794669,2026-08-29T20:24:36.794669,Benign
ALT-0082,ENT-002,AST-ENT-002-01,Low,Suspicious PowerShell Execution (T1059.001),Closed,2026-09-18T18:50:36.794669,2026-09-18T19:08:36.794669,False Positive
ALT-0083,ENT-001,AST-ENT-001-01,Medium,Possible SQL Injection (T1190),Closed,2026-09-15T20:24:36.794669,2026-09-15T22:19:36.794669,False Positive
ALT-0084,ENT-002,AST-ENT-002-03,High,Data Exfiltration over DNS (T1048.003),Closed,2026-09-03T11:10:36.794669,2026-09-03T12:22:36.794669,False Positive
ALT-0085,ENT-002,AST-ENT-002-04,High,Suspicious PowerShell Execution (T1059.001),Closed,2026-09-27T04:29:36.794669,2026-09-27T08:19:36.794669,False Positive
ALT-0086,ENT-005,AST-ENT-005-05,Critical,Ransomware Indicator (T1486),Closed,2026-09-26T04:49:36.794669,2026-09-26T08:40:36.794669,True Positive
ALT-0087,ENT-003,AST-ENT-003-03,Critical,Possible SQL Injection (T1190),Closed,2026-08-30T02:31:36.794669,2026-08-30T05:02:36.794669,False Positive
ALT-0088,ENT-005,AST-ENT-005-04,Low,Data Exfiltration over DNS (T1048.003),Closed,2026-09-12T00:45:36.794669,2026-09-12T03:48:36.794669,False Positive
ALT-0089,ENT-001,AST-ENT-001-03,Medium,Possible SQL Injection (T1190),Closed,2026-09-14T01:30:36.794669,2026-09-14T03:00:36.794669,Benign
ALT-0090,ENT-001,AST-ENT-001-01,Critical,Possible SQL Injection (T1190),Closed,2026-09-07T02:45:36.794669,2026-09-07T02:45:55.794669,False Positive
ALT-0091,ENT-001,AST-ENT-001-02,Medium,Data Exfiltration over DNS (T1048.003),Closed,2026-09-16T02:59:36.794669,2026-09-16T03:26:36.794669,True Positive
ALT-0092,ENT-005,AST-ENT-005-03,High,Data Exfiltration over DNS (T1048.003),Closed,2026-09-03T09:10:36.794669,2026-09-03T12:21:36.794669,Benign
ALT-0093,ENT-001,AST-ENT-001-03,Critical,Data Exfiltration over DNS (T1048.003),Closed,2026-09-17T00:28:36.794669,2026-09-17T01:35:36.794669,True Positive
ALT-0094,ENT-001,AST-ENT-001-04,Low,Suspicious PowerShell Execution (T1059.001),Closed,2026-09-28T11:39:36.794669,2026-09-28T15:13:36.794669,False Positive
ALT-0095,ENT-003,AST-ENT-003-03,Critical,Possible SQL Injection (T1190),Closed,2026-09-18T21:03:36.794669,2026-09-19T00:45:36.794669,False Positive
ALT-0096,ENT-004,AST-ENT-004-02,High,Data Exfiltration over DNS (T1048.003),Closed,2026-09-28T03:04:36.794669,2026-09-28T07:00:36.794669,False Positive
ALT-0097,ENT-003,AST-ENT-003-05,Critical,Suspicious PowerShell Execution (T1059.001),Closed,2026-09-04T19:50:36.794669,2026-09-04T21:32:36.794669,Benign
ALT-0098,ENT-002,AST-ENT-002-01,Low,Ransomware Indicator (T1486),Closed,2026-09-24T11:46:36.794669,2026-09-24T14:02:36.794669,True Positive
ALT-0099,ENT-005,AST-ENT-005-05,Low,Possible SQL Injection (T1190),Closed,2026-09-18T21:21:36.794669,2026-09-19T01:07:36.794669,True Positive
ALT-0100,ENT-002,AST-ENT-002-04,Critical,Possible SQL Injection (T1190),Closed,2026-08-29T00:51:36.794669,2026-08-29T01:46:36.794669,Benign
ALT-0101,ENT-004,AST-ENT-004-05,Low,Brute Force Authentication (T1110),Closed,2026-09-07T11:16:36.794669,2026-09-07T13:24:36.794669,Benign
ALT-0102,ENT-002,AST-ENT-002-04,Medium,Brute Force Authentication (T1110),Closed,2026-09-11T16:21:36.794669,2026-09-11T17:21:36.794669,False Positive
ALT-0103,ENT-002,AST-ENT-002-01,Low,Brute Force Authentication (T1110),Closed,2026-09-25T11:11:36.794669,2026-09-25T14:41:36.794669,Benign
ALT-0104,ENT-003,AST-ENT-003-01,High,Ransomware Indicator (T1486),Closed,2026-09-22T12:17:36.794669,2026-09-22T15:16:36.794669,False Positive
ALT-0105,ENT-004,AST-ENT-004-03,High,Ransomware Indicator (T1486),Closed,2026-09-15T05:07:36.794669,2026-09-15T07:25:36.794669,True Positive
ALT-0106,ENT-001,AST-ENT-001-04,Medium,Ransomware Indicator (T1486),Closed,2026-09-09T00:34:36.794669,2026-09-09T02:29:36.794669,False Positive
ALT-0107,ENT-005,AST-ENT-005-03,Critical,Data Exfiltration over DNS (T1048.003),Closed,2026-08-31T01:43:36.794669,2026-08-31T03:25:36.794669,Benign
ALT-0108,ENT-004,AST-ENT-004-01,High,Ransomware Indicator (T1486),Closed,2026-09-18T01:11:36.794669,2026-09-18T02:54:36.794669,Benign
ALT-0109,ENT-002,AST-ENT-002-04,Medium,Ransomware Indicator (T1486),Closed,2026-09-04T09:29:36.794669,2026-09-04T12:06:36.794669,False Positive
ALT-0110,ENT-003,AST-ENT-003-02,Critical,Brute Force Authentication (T1110),Closed,2026-08-31T15:22:36.794669,2026-08-31T17:13:36.794669,False Positive
ALT-0111,ENT-004,AST-ENT-004-01,High,Suspicious PowerShell Execution (T1059.001),Closed,2026-09-01T04:48:36.794669,2026-09-01T05:59:36.794669,Benign
ALT-0112,ENT-001,AST-ENT-001-02,Critical,Data Exfiltration over DNS (T1048.003),Closed,2026-09-21T00:15:36.794669,2026-09-21T02:36:36.794669,False Positive
ALT-0113,ENT-001,AST-ENT-001-04,Low,Suspicious PowerShell Execution (T1059.001),Closed,2026-09-05T14:36:36.794669,2026-09-05T15:51:36.794669,True Positive
ALT-0114,ENT-001,AST-ENT-001-01,Low,Possible SQL Injection (T1190),Closed,2026-09-10T13:33:36.794669,2026-09-10T14:09:36.794669,False Positive
ALT-0115,ENT-001,AST-ENT-001-02,Critical,Data Exfiltration over DNS (T1048.003),Closed,2026-09-23T23:49:36.794669,2026-09-24T01:38:36.794669,False Positive
ALT-0116,ENT-003,AST-ENT-003-05,Critical,Ransomware Indicator (T1486),Closed,2026-08-29T22:49:36.794669,2026-08-30T01:53:36.794669,False Positive
ALT-0117,ENT-002,AST-ENT-002-02,High,Possible SQL Injection (T1190),Closed,2026-09-26T08:13:36.794669,2026-09-26T09:29:36.794669,True Positive
ALT-0118,ENT-005,AST-ENT-005-02,High,Suspicious PowerShell Execution (T1059.001),Closed,2026-09-03T13:08:36.794669,2026-09-03T14:09:36.794669,True Positive
ALT-0119,ENT-003,AST-ENT-003-04,High,Suspicious PowerShell Execution (T1059.001),Closed,2026-09-20T17:19:36.794669,2026-09-20T17:50:36.794669,Benign
ALT-0120,ENT-002,AST-ENT-002-04,Medium,Suspicious PowerShell Execution (T1059.001),Closed,2026-09-11T03:32:36.794669,2026-09-11T06:36:36.794669,Benign
ALT-0121,ENT-004,AST-ENT-004-02,Low,Brute Force Authentication (T1110),Closed,2026-09-24T18:28:36.794669,2026-09-24T20:51:36.794669,Benign
ALT-0122,ENT-002,AST-ENT-002-02,High,Data Exfiltration over DNS (T1048.003),Closed,2026-09-24T21:56:36.794669,2026-09-25T00:35:36.794669,False Positive
ALT-0123,ENT-001,AST-ENT-001-04,Medium,Suspicious PowerShell Execution (T1059.001),Closed,2026-09-26T19:47:36.794669,2026-09-26T21:18:36.794669,True Positive
ALT-0124,ENT-001,AST-ENT-001-02,High,Suspicious PowerShell Execution (T1059.001),Closed,2026-09-03T10:40:36.794669,2026-09-03T11:58:36.794669,Benign
ALT-0125,ENT-005,AST-ENT-005-04,High,Brute Force Authentication (T1110),Closed,2026-09-04T17:16:36.794669,2026-09-04T20:33:36.794669,True Positive
ALT-0126,ENT-005,AST-ENT-005-05,Critical,Possible SQL Injection (T1190),Closed,2026-08-31T03:02:36.794669,2026-08-31T03:39:36.794669,True Positive
ALT-0127,ENT-001,AST-ENT-001-01,Low,Data Exfiltration over DNS (T1048.003),Closed,2026-09-12T13:56:36.794669,2026-09-12T17:41:36.794669,Benign
ALT-0128,ENT-003,AST-ENT-003-03,Medium,Data Exfiltration over DNS (T1048.003),Closed,2026-09-07T11:27:36.794669,2026-09-07T12:19:36.794669,Benign
ALT-0129,ENT-001,AST-ENT-001-05,Critical,Brute Force Authentication (T1110),Closed,2026-09-08T00:38:36.794669,2026-09-08T04:01:36.794669,Benign
ALT-0130,ENT-005,AST-ENT-005-03,Low,Data Exfiltration over DNS (T1048.003),Closed,2026-09-15T14:52:36.794669,2026-09-15T16:38:36.794669,Benign
ALT-0131,ENT-003,AST-ENT-003-02,Critical,Brute Force Authentication (T1110),Closed,2026-09-11T02:16:36.794669,2026-09-11T04:03:36.794669,False Positive
ALT-0132,ENT-001,AST-ENT-001-02,Low,Ransomware Indicator (T1486),Closed,2026-09-22T21:14:36.794669,2026-09-23T00:34:36.794669,Benign
ALT-0133,ENT-001,AST-ENT-001-05,High,Brute Force Authentication (T1110),Closed,2026-09-04T07:25:36.794669,2026-09-04T08:56:36.794669,Benign
ALT-0134,ENT-002,AST-ENT-002-02,High,Suspicious PowerShell Execution (T1059.001),Closed,2026-09-07T19:39:36.794669,2026-09-07T21:25:36.794669,False Positive
ALT-0135,ENT-002,AST-ENT-002-04,Medium,Ransomware Indicator (T1486),Closed,2026-09-24T12:57:36.794669,2026-09-24T15:32:36.794669,Benign
ALT-0136,ENT-005,AST-ENT-005-05,Critical,Ransomware Indicator (T1486),Closed,2026-09-12T19:15:36.794669,2026-09-12T21:18:36.794669,False Positive
ALT-0137,ENT-002,AST-ENT-002-02,Critical,Data Exfiltration over DNS (T1048.003),Closed,2026-09-13T18:52:36.794669,2026-09-13T20:09:36.794669,False Positive
ALT-0138,ENT-004,AST-ENT-004-03,Medium,Possible SQL Injection (T1190),Closed,2026-09-20T03:12:36.794669,2026-09-20T03:52:36.794669,Benign
ALT-0139,ENT-005,AST-ENT-005-02,Low,Brute Force Authentication (T1110),Closed,2026-09-20T01:48:36.794669,2026-09-20T03:49:36.794669,False Positive
ALT-0140,ENT-003,AST-ENT-003-04,High,Brute Force Authentication (T1110),Closed,2026-08-31T12:48:36.794669,2026-08-31T14:30:36.794669,True Positive
ALT-0141,ENT-002,AST-ENT-002-05,Low,Brute Force Authentication (T1110),Closed,2026-09-27T05:24:36.794669,2026-09-27T07:04:36.794669,False Positive
ALT-0142,ENT-004,AST-ENT-004-05,Critical,Possible SQL Injection (T1190),Closed,2026-09-05T23:12:36.794669,2026-09-06T02:06:36.794669,True Positive
ALT-0143,ENT-005,AST-ENT-005-02,Medium,Suspicious PowerShell Execution (T1059.001),Closed,2026-09-07T17:08:36.794669,2026-09-07T19:32:36.794669,Benign
ALT-0144,ENT-005,AST-ENT-005-03,Critical,Possible SQL Injection (T1190),Closed,2026-08-29T10:18:36.794669,2026-08-29T13:06:36.794669,True Positive
ALT-0145,ENT-002,AST-ENT-002-01,High,Ransomware Indicator (T1486),Closed,2026-09-06T21:45:36.794669,2026-09-07T00:59:36.794669,Benign
ALT-0146,ENT-002,AST-ENT-002-03,Critical,Brute Force Authentication (T1110),Closed,2026-09-23T23:00:36.794669,2026-09-24T02:48:36.794669,Benign
ALT-0147,ENT-001,AST-ENT-001-02,Critical,Data Exfiltration over DNS (T1048.003),Closed,2026-09-17T19:27:36.794669,2026-09-17T22:45:36.794669,False Positive
ALT-0148,ENT-003,AST-ENT-003-01,High,Brute Force Authentication (T1110),Closed,2026-09-27T17:27:36.794669,2026-09-27T19:04:36.794669,Benign
ALT-0149,ENT-003,AST-ENT-003-01,High,Possible SQL Injection (T1190),Closed,2026-09-10T06:03:36.794669,2026-09-10T09:33:36.794669,Benign
