event_id,alert_id,field,old_value,new_value,timestamp,actor
EVT-00001,ALT-0001,status,,Open,2026-09-21T06:24:13.395683,System
EVT-00002,ALT-0001,status,Open,Closed,2026-09-21T08:14:13.395683,Analyst-C
EVT-00003,ALT-0002,status,,Open,2026-09-21T16:08:13.395683,System
EVT-00004,ALT-0002,status,Open,Closed,2026-09-21T18:24:13.395683,SOAR
EVT-00005,ALT-0003,status,,Open,2026-09-24T11:59:13.395683,System
EVT-00006,ALT-0003,status,Open,Closed,2026-09-24T13:22:13.395683,SOAR
EVT-00007,ALT-0004,status,,Open,2026-09-29T14:51:13.395683,System
EVT-00008,ALT-0004,status,Open,Closed,2026-09-29T16:26:13.395683,SOAR
EVT-00009,ALT-0005,status,,Open,2026-09-28T22:16:13.395683,System
EVT-00010,ALT-0005,status,Open,Closed,2026-09-29T01:12:13.395683,Analyst-A
EVT-00011,ALT-0006,status,,Open,2026-09-17T12:11:13.395683,System
EVT-00012,ALT-0006,status,Open,Closed,2026-09-17T14:49:13.395683,Analyst-B
EVT-00013,ALT-0007,status,,Open,2026-09-27T05:13:13.395683,System
EVT-00014,ALT-0007,status,Open,Closed,2026-09-27T06:03:13.395683,Analyst-A
EVT-00015,ALT-0008,status,,Open,2026-09-12T03:10:13.395683,System
EVT-00016,ALT-0008,status,Open,Closed,2026-09-12T05:40:13.395683,SOAR
EVT-00017,ALT-0009,status,,Open,2026-09-25T04:13:13.395683,System
EVT-00018,ALT-0009,status,Open,Closed,2026-09-25T04:36:13.395683,Analyst-C
EVT-00019,ALT-0010,status,,Open,2026-09-04T11:49:13.395683,System
EVT-00020,ALT-0010,status,Open,Closed,2026-09-04T12:26:13.395683,Analyst-C
EVT-00021,ALT-0011,status,,Open,2026-09-05T04:29:13.395683,System
EVT-00022,ALT-0011,status,Open,Closed,2026-09-05T05:11:13.395683,Analyst-A
EVT-00023,ALT-0012,status,,Open,2026-08-31T09:21:13.395683,System
EVT-00024,ALT-0012,status,Open,Closed,2026-08-31T09:51:13.395683,Analyst-D
EVT-00025,ALT-0013,status,,Open,2026-09-14T08:53:13.395683,System
EVT-00026,ALT-0013,status,Open,Closed,2026-09-14T10:39:13.395683,Analyst-A
EVT-00027,ALT-0014,status,,Open,2026-09-15T15:33:13.395683,System
EVT-00028,ALT-0014,status,Open,Closed,2026-09-15T19:06:13.395683,SOAR
EVT-00029,ALT-0015,status,,Open,2026-09-06T09:05:13.395683,System
EVT-00030,ALT-0015,status,Open,Closed,2026-09-06T11:04:13.395683,Analyst-D
EVT-00031,ALT-0016,status,,Open,2026-09-30T06:27:13.395683,System
EVT-00032,ALT-0016,status,Open,Closed,2026-09-30T07:49:13.395683,Analyst-D
EVT-00033,ALT-0017,status,,Open,2026-09-04T15:03:13.395683,System
EVT-00034,ALT-0017,status,Open,Closed,2026-09-04T16:28:13.395683,Analyst-D
EVT-00035,ALT-0018,status,,Open,2026-09-28T07:37:13.395683,System
EVT-00036,ALT-0018,status,Open,Closed,2026-09-28T08:34:13.395683,Analyst-D
EVT-00037,ALT-0019,status,,Open,2026-09-19T16:23:13.395683,System
EVT-00038,ALT-0019,status,Open,Closed,2026-09-19T19:16:13.395683,Analyst-B
EVT-00039,ALT-0020,status,,Open,2026-09-05T22:28:13.395683,System
EVT-00040,ALT-0020,status,Open,Closed,2026-09-06T01:28:13.395683,SOAR
EVT-00041,ALT-0021,status,,Open,2026-09-04T07:54:13.395683,System
EVT-00042,ALT-0021,status,Open,Closed,2026-09-04T10:02:13.395683,Analyst-B
EVT-00043,ALT-0022,status,,Open,2026-09-25T05:09:13.395683,System
EVT-00044,ALT-0022,status,Open,Closed,2026-09-25T07:02:13.395683,Analyst-C
EVT-00045,ALT-0023,status,,Open,2026-09-07T21:55:13.395683,System
EVT-00046,ALT-0023,status,Open,Closed,2026-09-08T00:50:13.395683,Analyst-D
EVT-00047,ALT-0024,status,,Open,2026-09-18T23:52:13.395683,System
EVT-00048,ALT-0024,status,Open,Closed,2026-09-19T00:22:13.395683,Analyst-C
EVT-00049,ALT-0025,status,,Open,2026-09-21T23:45:13.395683,System
EVT-00050,ALT-0025,status,Open,Closed,2026-09-22T00:28:13.395683,SOAR
EVT-00051,ALT-0026,status,,Open,2026-09-25T09:49:13.395683,System
EVT-00052,ALT-0026,status,Open,Closed,2026-09-25T10:32:13.395683,Analyst-A
EVT-00053,ALT-0027,status,,Open,2026-09-08T16:45:13.395683,System
EVT-00054,ALT-0027,status,Open,Closed,2026-09-08T20:34:13.395683,SOAR
EVT-00055,ALT-0028,status,,Open,2026-09-18T13:56:13.395683,System
EVT-00056,ALT-0028,status,Open,Closed,2026-09-18T16:03:13.395683,SOAR
EVT-00057,ALT-0029,status,,Open,2026-09-17T06:18:13.395683,System
EVT-00058,ALT-0029,status,Open,Closed,2026-09-17T10:08:13.395683,Analyst-D
EVT-00059,ALT-0030,status,,Open,2026-08-31T00:52:13.395683,System
EVT-00060,ALT-0030,status,Open,Closed,2026-08-31T00:52:29.395683,SOAR
EVT-00061,ALT-0031,status,,Open,2026-09-19T13:32:13.395683,System
EVT-00062,ALT-0031,status,Open,Closed,2026-09-19T14:30:13.395683,Analyst-B
EVT-00063,ALT-0032,status,,Open,2026-09-03T02:49:13.395683,System
EVT-00064,ALT-0032,status,Open,Closed,2026-09-03T03:40:13.395683,SOAR
EVT-00065,ALT-0033,status,,Open,2026-09-21T04:51:13.395683,System
EVT-00066,ALT-0033,status,Open,Closed,2026-09-21T06:45:13.395683,Analyst-A
EVT-00067,ALT-0034,status,,Open,2026-09-04T07:26:13.395683,System
EVT-00068,ALT-0034,status,Open,Resolved,2026-09-04T08:39:33.395683,Analyst-D
EVT-00069,ALT-0034,status,Resolved,Open,2026-09-04T09:52:53.395683,Analyst-D
EVT-00070,ALT-0034,status,Open,Closed,2026-09-04T11:06:13.395683,Analyst-D
EVT-00071,ALT-0035,status,,Open,2026-09-04T16:17:13.395683,System
EVT-00072,ALT-0035,status,Open,Closed,2026-09-04T18:31:13.395683,Analyst-B
EVT-00073,ALT-0036,status,,Open,2026-09-14T10:59:13.395683,System
EVT-00074,ALT-0036,status,Open,Closed,2026-09-14T11:14:13.395683,Analyst-A
EVT-00075,ALT-0037,status,,Open,2026-09-12T10:25:13.395683,System
EVT-00076,ALT-0037,status,Open,Closed,2026-09-12T10:46:13.395683,SOAR
EVT-00077,ALT-0038,status,,Open,2026-09-07T09:34:13.395683,System
EVT-00078,ALT-0038,status,Open,Closed,2026-09-07T11:34:13.395683,Analyst-C
EVT-00079,ALT-0039,status,,Open,2026-09-07T01:07:13.395683,System
EVT-00080,ALT-0039,status,Open,Closed,2026-09-07T04:06:13.395683,SOAR
EVT-00081,ALT-0040,status,,Open,2026-09-17T09:16:13.395683,System
EVT-00082,ALT-0040,status,Open,Closed,2026-09-17T13:05:13.395683,SOAR
EVT-00083,ALT-0041,status,,Open,2026-09-01T15:05:13.395683,System
EVT-00084,ALT-0041,status,Open,Closed,2026-09-01T18:33:13.395683,Analyst-D
EVT-00085,ALT-0042,status,,Open,2026-09-30T02:04:13.395683,System
EVT-00086,ALT-0042,status,Open,Closed,2026-09-30T05:40:13.395683,SOAR
EVT-00087,ALT-0043,status,,Open,2026-08-30T12:09:13.395683,System
EVT-00088,ALT-0043,status,Open,Closed,2026-08-30T14:01:13.395683,SOAR
EVT-00089,ALT-0044,status,,Open,2026-09-03T20:12:13.395683,System
EVT-00090,ALT-0044,status,Open,Closed,2026-09-03T22:40:13.395683,SOAR
EVT-00091,ALT-0045,status,,Open,2026-09-15T03:51:13.395683,System
EVT-00092,ALT-0045,status,Open,Closed,2026-09-15T05:08:13.395683,Analyst-B
EVT-00093,ALT-0046,status,,Open,2026-09-24T05:37:13.395683,System
EVT-00094,ALT-0046,status,Open,Closed,2026-09-24T09:20:13.395683,SOAR
EVT-00095,ALT-0047,status,,Open,2026-09-02T13:59:13.395683,System
EVT-00096,ALT-0047,status,Open,Closed,2026-09-02T16:14:13.395683,SOAR
EVT-00097,ALT-0048,status,,Open,2026-09-07T15:31:13.395683,System
EVT-00098,ALT-0048,status,Open,Closed,2026-09-07T15:36:13.395683,SOAR
EVT-00099,ALT-0049,status,,Open,2026-09-11T04:58:13.395683,System
EVT-00100,ALT-0049,status,Open,Closed,2026-09-11T05:23:13.395683,SOAR
EVT-00101,ALT-0050,status,,Open,2026-09-16T03:00:13.395683,System
EVT-00102,ALT-0050,status,Open,Closed,2026-09-16T06:24:13.395683,Analyst-C
EVT-00103,ALT-0051,status,,Open,2026-09-10T15:44:13.395683,System
EVT-00104,ALT-0051,status,Open,Closed,2026-09-10T19:04:13.395683,SOAR
EVT-00105,ALT-0052,status,,Open,2026-09-11T11:20:13.395683,System
EVT-00106,ALT-0052,status,Open,Closed,2026-09-11T14:00:13.395683,Analyst-D
EVT-00107,ALT-0053,status,,Open,2026-09-08T13:37:13.395683,System
EVT-00108,ALT-0053,status,Open,Closed,2026-09-08T17:13:13.395683,Analyst-A
EVT-00109,ALT-0054,status,,Open,2026-09-18T04:09:13.395683,System
EVT-00110,ALT-0054,status,Open,Closed,2026-09-18T08:06:13.395683,Analyst-C
EVT-00111,ALT-0055,status,,Open,2026-09-16T10:57:13.395683,System
EVT-00112,ALT-0055,status,Open,Closed,2026-09-16T12:03:13.395683,SOAR
EVT-00113,ALT-0056,status,,Open,2026-09-29T19:39:13.395683,System
EVT-00114,ALT-0056,status,Open,Closed,2026-09-29T20:48:13.395683,SOAR
EVT-00115,ALT-0057,status,,Open,2026-09-14T09:07:13.395683,System
EVT-00116,ALT-0057,status,Open,Closed,2026-09-14T12:00:13.395683,SOAR
EVT-00117,ALT-0058,status,,Open,2026-09-24T04:07:13.395683,System
EVT-00118,ALT-0058,status,Open,Closed,2026-09-24T04:32:13.395683,Analyst-A
EVT-00119,ALT-0059,status,,Open,2026-08-31T22:32:13.395683,System
EVT-00120,ALT-0059,status,Open,Closed,2026-09-01T01:09:13.395683,Analyst-B
EVT-00121,ALT-0060,status,,Open,2026-09-08T12:07:13.395683,System
EVT-00122,ALT-0060,status,Open,Closed,2026-09-08T12:08:06.395683,Analyst-B
EVT-00123,ALT-0061,status,,Open,2026-09-28T06:18:13.395683,System
EVT-00124,ALT-0061,status,Open,Closed,2026-09-28T08:52:13.395683,Analyst-C
EVT-00125,ALT-0062,status,,Open,2026-09-10T00:44:13.395683,System
EVT-00126,ALT-0062,status,Open,Closed,2026-09-10T02:03:13.395683,Analyst-C
EVT-00127,ALT-0063,status,,Open,2026-09-04T02:28:13.395683,System
EVT-00128,ALT-0063,status,Open,Closed,2026-09-04T05:30:13.395683,Analyst-A
EVT-00129,ALT-0064,status,,Open,2026-09-01T16:14:13.395683,System
EVT-00130,ALT-0064,status,Open,Closed,2026-09-01T18:24:13.395683,Analyst-C
EVT-00131,ALT-0065,status,,Open,2026-09-11T03:46:13.395683,System
EVT-00132,ALT-0065,status,Open,Closed,2026-09-11T04:48:13.395683,Analyst-B
EVT-00133,ALT-0066,status,,Open,2026-09-06T00:50:13.395683,System
EVT-00134,ALT-0066,status,Open,Closed,2026-09-06T03:49:13.395683,Analyst-B
EVT-00135,ALT-0067,status,,Open,2026-09-13T19:26:13.395683,System
EVT-00136,ALT-0067,status,Open,Closed,2026-09-13T23:16:13.395683,SOAR
EVT-00137,ALT-0068,status,,Open,2026-09-08T13:41:13.395683,System
EVT-00138,ALT-0068,status,Open,Closed,2026-09-08T16:25:13.395683,Analyst-D
EVT-00139,ALT-0069,status,,Open,2026-09-08T06:23:13.395683,System
EVT-00140,ALT-0069,status,Open,Closed,2026-09-08T09:11:13.395683,Analyst-C
EVT-00141,ALT-0070,status,,Open,2026-09-05T12:35:13.395683,System
EVT-00142,ALT-0070,status,Open,Closed,2026-09-05T13:15:13.395683,Analyst-B
EVT-00143,ALT-0071,status,,Open,2026-09-30T09:09:13.395683,System
EVT-00144,ALT-0071,status,Open,Closed,2026-09-30T12:29:13.395683,Analyst-C
EVT-00145,ALT-0072,status,,Open,2026-09-21T06:13:13.395683,System
EVT-00146,ALT-0072,status,Open,Closed,2026-09-21T06:23:13.395683,Analyst-C
EVT-00147,ALT-0073,status,,Open,2026-09-02T12:13:13.395683,System
EVT-00148,ALT-0073,status,Open,Closed,2026-09-02T15:20:13.395683,Analyst-A
EVT-00149,ALT-0074,status,,Open,2026-09-24T07:02:13.395683,System
EVT-00150,ALT-0074,status,Open,Closed,2026-09-24T10:01:13.395683,SOAR
EVT-00151,ALT-0075,status,,Open,2026-09-16T18:57:13.395683,System
EVT-00152,ALT-0075,status,Open,Closed,2026-09-16T21:22:13.395683,Analyst-D
EVT-00153,ALT-0076,status,,Open,2026-09-05T23:49:13.395683,System
EVT-00154,ALT-0076,status,Open,Closed,2026-09-06T02:57:13.395683,Analyst-C
EVT-00155,ALT-0077,status,,Open,2026-09-05T11:19:13.395683,System
EVT-00156,ALT-0077,status,Open,Closed,2026-09-05T13:59:13.395683,Analyst-A
EVT-00157,ALT-0078,status,,Open,2026-09-11T03:45:13.395683,System
EVT-00158,ALT-0078,status,Open,Closed,2026-09-11T04:19:13.395683,Analyst-D
EVT-00159,ALT-0079,status,,Open,2026-09-09T22:57:13.395683,System
EVT-00160,ALT-0079,severity,High,Low,2026-09-10T00:20:13.395683,Analyst-D
EVT-00161,ALT-0079,status,Open,Closed,2026-09-10T01:43:13.395683,Analyst-D
EVT-00162,ALT-0080,status,,Open,2026-09-04T16:09:13.395683,System
EVT-00163,ALT-0080,status,Open,Closed,2026-09-04T16:43:13.395683,SOAR
EVT-00164,ALT-0081,status,,Open,2026-08-31T23:24:13.395683,System
EVT-00165,ALT-0081,status,Open,Closed,2026-09-01T01:23:13.395683,Analyst-A
EVT-00166,ALT-0082,status,,Open,2026-09-27T11:03:13.395683,System
EVT-00167,ALT-0082,status,Open,Closed,2026-09-27T13:48:13.395683,SOAR
EVT-00168,ALT-0083,status,,Open,2026-09-09T00:38:13.395683,System
EVT-00169,ALT-0083,status,Open,Closed,2026-09-09T03:21:13.395683,Analyst-A
EVT-00170,ALT-0084,status,,Open,2026-09-23T06:03:13.395683,System
EVT-00171,ALT-0084,status,Open,Closed,2026-09-23T06:18:13.395683,Analyst-D
EVT-00172,ALT-0085,status,,Open,2026-09-14T07:02:13.395683,System
EVT-00173,ALT-0085,status,Open,Closed,2026-09-14T09:35:13.395683,Analyst-A
EVT-00174,ALT-0086,status,,Open,2026-09-01T13:00:13.395683,System
EVT-00175,ALT-0086,status,Open,Closed,2026-09-01T14:59:13.395683,Analyst-B
EVT-00176,ALT-0087,status,,Open,2026-09-16T05:18:13.395683,System
EVT-00177,ALT-0087,status,Open,Resolved,2026-09-16T06:38:33.395683,SOAR
EVT-00178,ALT-0087,status,Resolved,Open,2026-09-16T07:58:53.395683,SOAR
EVT-00179,ALT-0087,status,Open,Closed,2026-09-16T09:19:13.395683,SOAR
EVT-00180,ALT-0088,status,,Open,2026-09-11T20:19:13.395683,System
EVT-00181,ALT-0088,status,Open,Closed,2026-09-11T22:27:13.395683,SOAR
EVT-00182,ALT-0089,status,,Open,2026-09-12T17:19:13.395683,System
EVT-00183,ALT-0089,status,Open,Closed,2026-09-12T18:53:13.395683,Analyst-A
EVT-00184,ALT-0090,status,,Open,2026-09-17T00:57:13.395683,System
EVT-00185,ALT-0090,status,Open,Closed,2026-09-17T02:25:13.395683,Analyst-D
EVT-00186,ALT-0091,status,,Open,2026-09-04T16:57:13.395683,System
EVT-00187,ALT-0091,status,Open,Closed,2026-09-04T20:10:13.395683,Analyst-C
EVT-00188,ALT-0092,status,,Open,2026-09-03T22:36:13.395683,System
EVT-00189,ALT-0092,status,Open,Closed,2026-09-04T00:19:13.395683,Analyst-C
EVT-00190,ALT-0093,status,,Open,2026-09-04T14:39:13.395683,System
EVT-00191,ALT-0093,status,Open,Closed,2026-09-04T18:05:13.395683,Analyst-D
EVT-00192,ALT-0094,status,,Open,2026-09-05T07:27:13.395683,System
EVT-00193,ALT-0094,status,Open,Closed,2026-09-05T11:07:13.395683,Analyst-D
EVT-00194,ALT-0095,status,,Open,2026-09-17T02:57:13.395683,System
EVT-00195,ALT-0095,status,Open,Closed,2026-09-17T04:47:13.395683,SOAR
EVT-00196,ALT-0096,status,,Open,2026-09-12T00:00:13.395683,System
EVT-00197,ALT-0096,status,Open,Closed,2026-09-12T00:10:13.395683,Analyst-C
EVT-00198,ALT-0097,status,,Open,2026-09-24T02:44:13.395683,System
EVT-00199,ALT-0097,status,Open,Closed,2026-09-24T05:33:13.395683,Analyst-B
EVT-00200,ALT-0098,status,,Open,2026-09-05T11:25:13.395683,System
EVT-00201,ALT-0098,status,Open,Closed,2026-09-05T12:39:13.395683,Analyst-D
EVT-00202,ALT-0099,status,,Open,2026-09-10T01:33:13.395683,System
EVT-00203,ALT-0099,status,Open,Closed,2026-09-10T05:24:13.395683,Analyst-C
EVT-00204,ALT-0100,status,,Open,2026-09-17T04:57:13.395683,System
EVT-00205,ALT-0100,status,Open,Closed,2026-09-17T08:12:13.395683,SOAR
EVT-00206,ALT-0101,status,,Open,2026-09-29T02:11:13.395683,System
EVT-00207,ALT-0101,status,Open,Resolved,2026-09-29T03:30:53.395683,Analyst-C
EVT-00208,ALT-0101,status,Resolved,Open,2026-09-29T04:50:33.395683,Analyst-C
EVT-00209,ALT-0101,status,Open,Closed,2026-09-29T06:10:13.395683,Analyst-C
EVT-00210,ALT-0102,status,,Open,2026-09-24T05:41:13.395683,System
EVT-00211,ALT-0102,severity,Critical,Medium,2026-09-24T07:45:13.395683,Analyst-D
EVT-00212,ALT-0102,status,Open,Resolved,2026-09-24T07:03:53.395683,Analyst-D
EVT-00213,ALT-0102,status,Resolved,Open,2026-09-24T08:26:33.395683,Analyst-D
EVT-00214,ALT-0102,status,Open,Closed,2026-09-24T09:49:13.395683,Analyst-D
EVT-00215,ALT-0103,status,,Open,2026-09-18T13:33:13.395683,System
EVT-00216,ALT-0103,status,Open,Closed,2026-09-18T17:27:13.395683,SOAR
EVT-00217,ALT-0104,status,,Open,2026-09-13T11:53:13.395683,System
EVT-00218,ALT-0104,status,Open,Closed,2026-09-13T15:27:13.395683,Analyst-C
EVT-00219,ALT-0105,status,,Open,2026-09-08T15:57:13.395683,System
EVT-00220,ALT-0105,status,Open,Closed,2026-09-08T15:58:25.395683,SOAR
EVT-00221,ALT-0106,status,,Open,2026-09-28T13:37:13.395683,System
EVT-00222,ALT-0106,status,Open,Closed,2026-09-28T15:10:13.395683,Analyst-B
EVT-00223,ALT-0107,status,,Open,2026-09-14T22:04:13.395683,System
EVT-00224,ALT-0107,status,Open,Closed,2026-09-15T00:09:13.395683,SOAR
EVT-00225,ALT-0108,status,,Open,2026-09-02T18:25:13.395683,System
EVT-00226,ALT-0108,status,Open,Closed,2026-09-02T18:40:13.395683,SOAR
EVT-00227,ALT-0109,status,,Open,2026-09-15T01:44:13.395683,System
EVT-00228,ALT-0109,status,Open,Closed,2026-09-15T04:41:13.395683,SOAR
EVT-00229,ALT-0110,status,,Open,2026-09-15T02:20:13.395683,System
EVT-00230,ALT-0110,status,Open,Closed,2026-09-15T06:01:13.395683,Analyst-B
EVT-00231,ALT-0111,status,,Open,2026-09-20T21:26:13.395683,System
EVT-00232,ALT-0111,status,Open,Closed,2026-09-21T00:47:13.395683,Analyst-B
EVT-00233,ALT-0112,status,,Open,2026-09-10T19:43:13.395683,System
EVT-00234,ALT-0112,status,Open,Closed,2026-09-10T21:51:13.395683,Analyst-D
EVT-00235,ALT-0113,status,,Open,2026-09-27T06:28:13.395683,System
EVT-00236,ALT-0113,status,Open,Closed,2026-09-27T08:30:13.395683,Analyst-B
EVT-00237,ALT-0114,status,,Open,2026-09-11T23:45:13.395683,System
EVT-00238,ALT-0114,status,Open,Closed,2026-09-12T00:17:13.395683,Analyst-A
EVT-00239,ALT-0115,status,,Open,2026-08-30T23:30:13.395683,System
EVT-00240,ALT-0115,status,Open,Closed,2026-08-31T00:20:13.395683,Analyst-D
EVT-00241,ALT-0116,status,,Open,2026-09-01T03:34:13.395683,System
EVT-00242,ALT-0116,status,Open,Closed,2026-09-01T06:15:13.395683,Analyst-D
EVT-00243,ALT-0117,status,,Open,2026-09-07T07:12:13.395683,System
EVT-00244,ALT-0117,status,Open,Closed,2026-09-07T10:39:13.395683,SOAR
EVT-00245,ALT-0118,status,,Open,2026-09-30T03:21:13.395683,System
EVT-00246,ALT-0118,status,Open,Closed,2026-09-30T05:21:13.395683,Analyst-A
EVT-00247,ALT-0119,status,,Open,2026-09-02T03:49:13.395683,System
EVT-00248,ALT-0119,status,Open,Closed,2026-09-02T04:11:13.395683,Analyst-C
EVT-00249,ALT-0120,status,,Open,2026-09-24T17:28:13.395683,System
EVT-00250,ALT-0120,status,Open,Closed,2026-09-24T17:58:13.395683,Analyst-A
EVT-00251,ALT-0121,status,,Open,2026-09-17T06:05:13.395683,System
EVT-00252,ALT-0121,status,Open,Closed,2026-09-17T06:25:13.395683,Analyst-A
EVT-00253,ALT-0122,status,,Open,2026-09-03T13:35:13.395683,System
EVT-00254,ALT-0122,status,Open,Closed,2026-09-03T17:19:13.395683,Analyst-D
EVT-00255,ALT-0123,status,,Open,2026-08-31T22:38:13.395683,System
EVT-00256,ALT-0123,status,Open,Closed,2026-09-01T02:37:13.395683,Analyst-A
EVT-00257,ALT-0124,status,,Open,2026-09-10T01:55:13.395683,System
EVT-00258,ALT-0124,status,Open,Closed,2026-09-10T02:12:13.395683,SOAR
EVT-00259,ALT-0125,status,,Open,2026-09-17T14:57:13.395683,System
EVT-00260,ALT-0125,status,Open,Closed,2026-09-17T18:28:13.395683,Analyst-D
EVT-00261,ALT-0126,status,,Open,2026-09-25T10:21:13.395683,System
EVT-00262,ALT-0126,status,Open,Closed,2026-09-25T11:51:13.395683,SOAR
EVT-00263,ALT-0127,status,,Open,2026-09-20T16:16:13.395683,System
EVT-00264,ALT-0127,status,Open,Closed,2026-09-20T17:25:13.395683,Analyst-D
EVT-00265,ALT-0128,status,,Open,2026-09-10T14:50:13.395683,System
EVT-00266,ALT-0128,status,Open,Closed,2026-09-10T17:16:13.395683,SOAR
EVT-00267,ALT-0129,status,,Open,2026-09-09T17:33:13.395683,System
EVT-00268,ALT-0129,status,Open,Closed,2026-09-09T19:49:13.395683,Analyst-B
EVT-00269,ALT-0130,status,,Open,2026-09-03T15:26:13.395683,System
EVT-00270,ALT-0130,status,Open,Closed,2026-09-03T17:09:13.395683,SOAR
EVT-00271,ALT-0131,status,,Open,2026-09-27T05:56:13.395683,System
EVT-00272,ALT-0131,status,Open,Resolved,2026-09-27T07:03:53.395683,Analyst-D
EVT-00273,ALT-0131,status,Resolved,Open,2026-09-27T08:11:33.395683,Analyst-D
EVT-00274,ALT-0131,status,Open,Closed,2026-09-27T09:19:13.395683,Analyst-D
EVT-00275,ALT-0132,status,,Open,2026-09-26T18:10:13.395683,System
EVT-00276,ALT-0132,status,Open,Closed,2026-09-26T18:40:13.395683,SOAR
EVT-00277,ALT-0133,status,,Open,2026-08-30T19:13:13.395683,System
EVT-00278,ALT-0133,status,Open,Resolved,2026-08-30T20:23:13.395683,Analyst-C
EVT-00279,ALT-0133,status,Resolved,Open,2026-08-30T21:33:13.395683,Analyst-C
EVT-00280,ALT-0133,status,Open,Closed,2026-08-30T22:43:13.395683,Analyst-C
EVT-00281,ALT-0134,status,,Open,2026-09-28T10:24:13.395683,System
EVT-00282,ALT-0134,status,Open,Closed,2026-09-28T11:20:13.395683,SOAR
EVT-00283,ALT-0135,status,,Open,2026-09-25T09:50:13.395683,System
EVT-00284,ALT-0135,status,Open,Closed,2026-09-25T09:51:26.395683,SOAR
EVT-00285,ALT-0136,status,,Open,2026-09-06T12:08:13.395683,System
EVT-00286,ALT-0136,status,Open,Closed,2026-09-06T14:27:13.395683,Analyst-D
EVT-00287,ALT-0137,status,,Open,2026-09-25T07:13:13.395683,System
EVT-00288,ALT-0137,status,Open,Closed,2026-09-25T10:20:13.395683,SOAR
EVT-00289,ALT-0138,status,,Open,2026-09-24T00:55:13.395683,System
EVT-00290,ALT-0138,status,Open,Closed,2026-09-24T01:46:13.395683,Analyst-C
EVT-00291,ALT-0139,status,,Open,2026-09-12T01:57:13.395683,System
EVT-00292,ALT-0139,status,Open,Closed,2026-09-12T05:11:13.395683,SOAR
EVT-00293,ALT-0140,status,,Open,2026-09-05T22:32:13.395683,System
EVT-00294,ALT-0140,status,Open,Closed,2026-09-06T02:22:13.395683,SOAR
EVT-00295,ALT-0141,status,,Open,2026-09-03T11:26:13.395683,System
EVT-00296,ALT-0141,status,Open,Resolved,2026-09-03T12:47:13.395683,Analyst-B
EVT-00297,ALT-0141,status,Resolved,Open,2026-09-03T14:08:13.395683,Analyst-B
EVT-00298,ALT-0141,status,Open,Closed,2026-09-03T15:29:13.395683,Analyst-B
EVT-00299,ALT-0142,status,,Open,2026-09-14T05:41:13.395683,System
EVT-00300,ALT-0142,status,Open,Closed,2026-09-14T09:12:13.395683,Analyst-A
EVT-00301,ALT-0143,status,,Open,2026-09-15T03:12:13.395683,System
EVT-00302,ALT-0143,status,Open,Closed,2026-09-15T06:40:13.395683,Analyst-C
EVT-00303,ALT-0144,status,,Open,2026-09-21T00:51:13.395683,System
EVT-00304,ALT-0144,status,Open,Closed,2026-09-21T00:56:13.395683,Analyst-A
EVT-00305,ALT-0145,status,,Open,2026-09-17T22:57:13.395683,System
EVT-00306,ALT-0145,status,Open,Closed,2026-09-18T00:27:13.395683,SOAR
EVT-00307,ALT-0146,status,,Open,2026-09-07T21:42:13.395683,System
EVT-00308,ALT-0146,status,Open,Closed,2026-09-07T23:03:13.395683,Analyst-C
EVT-00309,ALT-0147,status,,Open,2026-09-11T20:17:13.395683,System
EVT-00310,ALT-0147,status,Open,Closed,2026-09-11T23:44:13.395683,Analyst-C
EVT-00311,ALT-0148,status,,Open,2026-09-27T19:26:13.395683,System
EVT-00312,ALT-0148,status,Open,Closed,2026-09-27T23:18:13.395683,Analyst-D
EVT-00313,ALT-0149,status,,Open,2026-09-20T04:21:13.395683,System
EVT-00314,ALT-0149,status,Open,Closed,2026-09-20T08:04:13.395683,Analyst-B
EVT-00315,ALT-0150,status,,Open,2026-09-18T00:57:13.395683,System
EVT-00316,ALT-0150,status,Open,Closed,2026-09-18T01:26:13.395683,SOAR
EVT-00317,ALT-0151,status,,Open,2026-08-31T00:52:13.395683,System
EVT-00318,ALT-0151,status,Open,Closed,2026-08-31T03:14:13.395683,Analyst-B
EVT-00319,ALT-0152,status,,Open,2026-09-05T20:59:13.395683,System
EVT-00320,ALT-0152,status,Open,Closed,2026-09-05T21:30:13.395683,SOAR
EVT-00321,ALT-0153,status,,Open,2026-09-24T17:11:13.395683,System
EVT-00322,ALT-0153,status,Open,Closed,2026-09-24T19:39:13.395683,Analyst-B
EVT-00323,ALT-0154,status,,Open,2026-09-07T23:38:13.395683,System
EVT-00324,ALT-0154,status,Open,Closed,2026-09-08T02:08:13.395683,Analyst-B
EVT-00325,ALT-0155,status,,Open,2026-09-05T23:48:13.395683,System
EVT-00326,ALT-0155,status,Open,Closed,2026-09-06T03:45:13.395683,SOAR
EVT-00327,ALT-0156,status,,Open,2026-09-27T23:04:13.395683,System
EVT-00328,ALT-0156,status,Open,Closed,2026-09-27T23:34:13.395683,SOAR
EVT-00329,ALT-0157,status,,Open,2026-09-30T05:07:13.395683,System
EVT-00330,ALT-0157,status,Open,Closed,2026-09-30T07:13:13.395683,Analyst-B
EVT-00331,ALT-0158,status,,Open,2026-08-30T14:04:13.395683,System
EVT-00332,ALT-0158,status,Open,Resolved,2026-08-30T15:26:53.395683,Analyst-C
EVT-00333,ALT-0158,status,Resolved,Open,2026-08-30T16:49:33.395683,Analyst-C
EVT-00334,ALT-0158,status,Open,Closed,2026-08-30T18:12:13.395683,Analyst-C
EVT-00335,ALT-0159,status,,Open,2026-09-10T06:03:13.395683,System
EVT-00336,ALT-0159,status,Open,Closed,2026-09-10T08:48:13.395683,SOAR
EVT-00337,ALT-0160,status,,Open,2026-09-05T21:36:13.395683,System
EVT-00338,ALT-0160,status,Open,Closed,2026-09-05T23:47:13.395683,SOAR
EVT-00339,ALT-0161,status,,Open,2026-09-10T04:33:13.395683,System
EVT-00340,ALT-0161,status,Open,Closed,2026-09-10T05:36:13.395683,Analyst-D
EVT-00341,ALT-0162,status,,Open,2026-09-16T08:57:13.395683,System
EVT-00342,ALT-0162,status,Open,Closed,2026-09-16T12:57:13.395683,SOAR
EVT-00343,ALT-0163,status,,Open,2026-09-16T18:42:13.395683,System
EVT-00344,ALT-0163,status,Open,Closed,2026-09-16T22:33:13.395683,SOAR
EVT-00345,ALT-0164,status,,Open,2026-09-28T05:42:13.395683,System
EVT-00346,ALT-0164,status,Open,Closed,2026-09-28T06:57:13.395683,Analyst-D
EVT-00347,ALT-0165,status,,Open,2026-09-22T13:08:13.395683,System
EVT-00348,ALT-0165,status,Open,Closed,2026-09-22T15:34:13.395683,SOAR
EVT-00349,ALT-0166,status,,Open,2026-09-22T04:34:13.395683,System
EVT-00350,ALT-0166,status,Open,Closed,2026-09-22T07:13:13.395683,SOAR
EVT-00351,ALT-0167,status,,Open,2026-09-22T06:10:13.395683,System
EVT-00352,ALT-0167,status,Open,Closed,2026-09-22T07:39:13.395683,Analyst-D
EVT-00353,ALT-0168,status,,Open,2026-09-27T05:54:13.395683,System
EVT-00354,ALT-0168,status,Open,Closed,2026-09-27T06:54:13.395683,Analyst-D
EVT-00355,ALT-0169,status,,Open,2026-09-02T12:17:13.395683,System
EVT-00356,ALT-0169,status,Open,Closed,2026-09-02T14:24:13.395683,SOAR
EVT-00357,ALT-0170,status,,Open,2026-09-18T08:57:13.395683,System
EVT-00358,ALT-0170,status,Open,Closed,2026-09-18T09:30:13.395683,Analyst-B
EVT-00359,ALT-0171,status,,Open,2026-09-18T15:14:13.395683,System
EVT-00360,ALT-0171,status,Open,Closed,2026-09-18T17:06:13.395683,SOAR
EVT-00361,ALT-0172,status,,Open,2026-09-16T06:12:13.395683,System
EVT-00362,ALT-0172,status,Open,Closed,2026-09-16T07:23:13.395683,SOAR
EVT-00363,ALT-0173,status,,Open,2026-09-05T03:26:13.395683,System
EVT-00364,ALT-0173,status,Open,Closed,2026-09-05T06:20:13.395683,Analyst-A
EVT-00365,ALT-0174,status,,Open,2026-09-24T03:13:13.395683,System
EVT-00366,ALT-0174,status,Open,Closed,2026-09-24T04:05:13.395683,Analyst-B
EVT-00367,ALT-0175,status,,Open,2026-09-10T00:24:13.395683,System
EVT-00368,ALT-0175,status,Open,Closed,2026-09-10T01:10:13.395683,SOAR
EVT-00369,ALT-0176,status,,Open,2026-09-28T10:08:13.395683,System
EVT-00370,ALT-0176,status,Open,Closed,2026-09-28T11:58:13.395683,Analyst-C
EVT-00371,ALT-0177,status,,Open,2026-09-25T17:32:13.395683,System
EVT-00372,ALT-0177,status,Open,Closed,2026-09-25T20:38:13.395683,SOAR
EVT-00373,ALT-0178,status,,Open,2026-09-08T16:09:13.395683,System
EVT-00374,ALT-0178,status,Open,Closed,2026-09-08T19:04:13.395683,Analyst-C
EVT-00375,ALT-0179,status,,Open,2026-09-23T21:29:13.395683,System
EVT-00376,ALT-0179,status,Open,Closed,2026-09-23T22:58:13.395683,Analyst-D
EVT-00377,ALT-0180,status,,Open,2026-09-18T12:03:13.395683,System
EVT-00378,ALT-0180,status,Open,Closed,2026-09-18T12:08:13.395683,Analyst-D
EVT-00379,ALT-0181,status,,Open,2026-09-18T22:54:13.395683,System
EVT-00380,ALT-0181,status,Open,Closed,2026-09-18T23:43:13.395683,Analyst-D
EVT-00381,ALT-0182,status,,Open,2026-09-08T05:00:13.395683,System
EVT-00382,ALT-0182,status,Open,Closed,2026-09-08T07:31:13.395683,SOAR
EVT-00383,ALT-0183,status,,Open,2026-09-18T15:26:13.395683,System
EVT-00384,ALT-0183,status,Open,Closed,2026-09-18T16:40:13.395683,SOAR
EVT-00385,ALT-0184,status,,Open,2026-09-11T18:37:13.395683,System
EVT-00386,ALT-0184,status,Open,Closed,2026-09-11T20:07:13.395683,SOAR
EVT-00387,ALT-0185,status,,Open,2026-09-18T14:57:13.395683,System
EVT-00388,ALT-0185,status,Open,Closed,2026-09-18T18:30:13.395683,Analyst-A
EVT-00389,ALT-0186,status,,Open,2026-09-17T10:04:13.395683,System
EVT-00390,ALT-0186,status,Open,Closed,2026-09-17T11:45:13.395683,SOAR
EVT-00391,ALT-0187,status,,Open,2026-09-09T16:18:13.395683,System
EVT-00392,ALT-0187,status,Open,Closed,2026-09-09T20:18:13.395683,Analyst-A
EVT-00393,ALT-0188,status,,Open,2026-08-31T19:55:13.395683,System
EVT-00394,ALT-0188,status,Open,Resolved,2026-08-31T21:19:53.395683,Analyst-D
EVT-00395,ALT-0188,status,Resolved,Open,2026-08-31T22:44:33.395683,Analyst-D
EVT-00396,ALT-0188,status,Open,Closed,2026-09-01T00:09:13.395683,Analyst-D
EVT-00397,ALT-0189,status,,Open,2026-09-05T02:59:13.395683,System
EVT-00398,ALT-0189,status,Open,Closed,2026-09-05T06:44:13.395683,SOAR
EVT-00399,ALT-0190,status,,Open,2026-09-30T05:19:13.395683,System
EVT-00400,ALT-0190,status,Open,Closed,2026-09-30T07:45:13.395683,Analyst-A
EVT-00401,ALT-0191,status,,Open,2026-09-01T18:31:13.395683,System
EVT-00402,ALT-0191,status,Open,Closed,2026-09-01T21:26:13.395683,Analyst-B
EVT-00403,ALT-0192,status,,Open,2026-09-17T17:40:13.395683,System
EVT-00404,ALT-0192,status,Open,Closed,2026-09-17T18:10:13.395683,SOAR
EVT-00405,ALT-0193,status,,Open,2026-09-26T00:20:13.395683,System
EVT-00406,ALT-0193,status,Open,Closed,2026-09-26T00:49:13.395683,Analyst-B
EVT-00407,ALT-0194,status,,Open,2026-09-28T21:58:13.395683,System
EVT-00408,ALT-0194,status,Open,Closed,2026-09-28T23:51:13.395683,Analyst-A
EVT-00409,ALT-0195,status,,Open,2026-09-16T20:34:13.395683,System
EVT-00410,ALT-0195,status,Open,Closed,2026-09-16T20:35:25.395683,Analyst-B
EVT-00411,ALT-0196,status,,Open,2026-09-18T05:42:13.395683,System
EVT-00412,ALT-0196,status,Open,Closed,2026-09-18T09:18:13.395683,Analyst-A
EVT-00413,ALT-0197,status,,Open,2026-09-17T07:50:13.395683,System
EVT-00414,ALT-0197,status,Open,Closed,2026-09-17T11:08:13.395683,Analyst-C
EVT-00415,ALT-0198,status,,Open,2026-09-13T08:20:13.395683,System
EVT-00416,ALT-0198,status,Open,Closed,2026-09-13T11:55:13.395683,Analyst-C
EVT-00417,ALT-0199,status,,Open,2026-09-07T18:29:13.395683,System
EVT-00418,ALT-0199,status,Open,Closed,2026-09-07T20:55:13.395683,Analyst-A
EVT-00419,ALT-0200,status,,Open,2026-09-27T13:05:13.395683,System
EVT-00420,ALT-0200,status,Open,Closed,2026-09-27T15:11:13.395683,SOAR
EVT-00421,ALT-0201,status,,Open,2026-09-22T11:11:13.395683,System
EVT-00422,ALT-0201,status,Open,Closed,2026-09-22T12:28:13.395683,Analyst-B
EVT-00423,ALT-0202,status,,Open,2026-09-07T15:45:13.395683,System
EVT-00424,ALT-0202,status,Open,Closed,2026-09-07T19:44:13.395683,Analyst-C
EVT-00425,ALT-0203,status,,Open,2026-09-17T15:15:13.395683,System
EVT-00426,ALT-0203,status,Open,Closed,2026-09-17T19:04:13.395683,Analyst-C
EVT-00427,ALT-0204,status,,Open,2026-09-28T01:37:13.395683,System
EVT-00428,ALT-0204,severity,High,Low,2026-09-28T01:39:43.395683,Analyst-B
EVT-00429,ALT-0204,status,Open,Closed,2026-09-28T01:42:13.395683,Analyst-B
EVT-00430,ALT-0205,status,,Open,2026-09-02T23:47:13.395683,System
EVT-00431,ALT-0205,status,Open,Closed,2026-09-03T01:02:13.395683,Analyst-D
EVT-00432,ALT-0206,status,,Open,2026-09-30T08:36:13.395683,System
EVT-00433,ALT-0206,status,Open,Closed,2026-09-30T09:11:13.395683,Analyst-A
EVT-00434,ALT-0207,status,,Open,2026-08-31T06:24:13.395683,System
EVT-00435,ALT-0207,status,Open,Closed,2026-08-31T08:01:13.395683,Analyst-D
EVT-00436,ALT-0208,status,,Open,2026-09-28T19:03:13.395683,System
EVT-00437,ALT-0208,status,Open,Closed,2026-09-28T20:41:13.395683,Analyst-B
EVT-00438,ALT-0209,status,,Open,2026-09-28T15:44:13.395683,System
EVT-00439,ALT-0209,status,Open,Closed,2026-09-28T19:08:13.395683,Analyst-C
EVT-00440,ALT-0210,status,,Open,2026-09-19T18:59:13.395683,System
EVT-00441,ALT-0210,status,Open,Closed,2026-09-19T18:59:36.395683,Analyst-C
EVT-00442,ALT-0211,status,,Open,2026-09-17T23:49:13.395683,System
EVT-00443,ALT-0211,status,Open,Closed,2026-09-18T03:07:13.395683,Analyst-D
EVT-00444,ALT-0212,status,,Open,2026-09-01T22:50:13.395683,System
EVT-00445,ALT-0212,status,Open,Closed,2026-09-02T01:58:13.395683,Analyst-B
EVT-00446,ALT-0213,status,,Open,2026-09-19T13:05:13.395683,System
EVT-00447,ALT-0213,status,Open,Closed,2026-09-19T13:25:13.395683,Analyst-A
EVT-00448,ALT-0214,status,,Open,2026-09-30T10:00:13.395683,System
EVT-00449,ALT-0214,status,Open,Closed,2026-09-30T11:44:13.395683,Analyst-B
EVT-00450,ALT-0215,status,,Open,2026-09-25T17:07:13.395683,System
EVT-00451,ALT-0215,status,Open,Closed,2026-09-25T19:49:13.395683,Analyst-B
EVT-00452,ALT-0216,status,,Open,2026-09-12T03:11:13.395683,System
EVT-00453,ALT-0216,status,Open,Closed,2026-09-12T03:41:13.395683,SOAR
EVT-00454,ALT-0217,status,,Open,2026-09-04T21:33:13.395683,System
EVT-00455,ALT-0217,status,Open,Closed,2026-09-04T23:14:13.395683,SOAR
EVT-00456,ALT-0218,status,,Open,2026-09-09T00:03:13.395683,System
EVT-00457,ALT-0218,status,Open,Closed,2026-09-09T01:40:13.395683,Analyst-D
EVT-00458,ALT-0219,status,,Open,2026-09-09T07:06:13.395683,System
EVT-00459,ALT-0219,status,Open,Resolved,2026-09-09T08:24:33.395683,Analyst-D
EVT-00460,ALT-0219,status,Resolved,Open,2026-09-09T09:42:53.395683,Analyst-D
EVT-00461,ALT-0219,status,Open,Closed,2026-09-09T11:01:13.395683,Analyst-D
EVT-00462,ALT-0220,status,,Open,2026-09-22T12:35:13.395683,System
EVT-00463,ALT-0220,status,Open,Closed,2026-09-22T12:55:13.395683,SOAR
EVT-00464,ALT-0221,status,,Open,2026-09-07T20:37:13.395683,System
EVT-00465,ALT-0221,status,Open,Closed,2026-09-07T21:32:13.395683,SOAR
EVT-00466,ALT-0222,status,,Open,2026-09-05T11:35:13.395683,System
EVT-00467,ALT-0222,status,Open,Closed,2026-09-05T14:10:13.395683,SOAR
EVT-00468,ALT-0223,status,,Open,2026-09-19T18:50:13.395683,System
EVT-00469,ALT-0223,status,Open,Closed,2026-09-19T21:40:13.395683,SOAR
EVT-00470,ALT-0224,status,,Open,2026-09-18T03:48:13.395683,System
EVT-00471,ALT-0224,status,Open,Closed,2026-09-18T05:57:13.395683,Analyst-B
EVT-00472,ALT-0225,status,,Open,2026-09-27T21:40:13.395683,System
EVT-00473,ALT-0225,status,Open,Closed,2026-09-27T21:41:02.395683,Analyst-A
EVT-00474,ALT-0226,status,,Open,2026-09-16T02:43:13.395683,System
EVT-00475,ALT-0226,status,Open,Resolved,2026-09-16T03:53:33.395683,Analyst-B
EVT-00476,ALT-0226,status,Resolved,Open,2026-09-16T05:03:53.395683,Analyst-B
EVT-00477,ALT-0226,status,Open,Closed,2026-09-16T06:14:13.395683,Analyst-B
EVT-00478,ALT-0227,status,,Open,2026-09-17T10:23:13.395683,System
EVT-00479,ALT-0227,status,Open,Closed,2026-09-17T10:53:13.395683,Analyst-A
EVT-00480,ALT-0228,status,,Open,2026-09-11T02:01:13.395683,System
EVT-00481,ALT-0228,status,Open,Closed,2026-09-11T02:16:13.395683,Analyst-A
EVT-00482,ALT-0229,status,,Open,2026-09-25T20:23:13.395683,System
EVT-00483,ALT-0229,status,Open,Closed,2026-09-25T23:29:13.395683,SOAR
EVT-00484,ALT-0230,status,,Open,2026-09-14T13:33:13.395683,System
EVT-00485,ALT-0230,status,Open,Closed,2026-09-14T15:27:13.395683,SOAR
EVT-00486,ALT-0231,status,,Open,2026-09-15T12:36:13.395683,System
EVT-00487,ALT-0231,status,Open,Closed,2026-09-15T16:15:13.395683,SOAR
EVT-00488,ALT-0232,status,,Open,2026-09-12T02:05:13.395683,System
EVT-00489,ALT-0232,status,Open,Closed,2026-09-12T04:04:13.395683,Analyst-D
EVT-00490,ALT-0233,status,,Open,2026-09-17T23:38:13.395683,System
EVT-00491,ALT-0233,status,Open,Closed,2026-09-18T01:05:13.395683,Analyst-B
EVT-00492,ALT-0234,status,,Open,2026-09-12T16:14:13.395683,System
EVT-00493,ALT-0234,status,Open,Closed,2026-09-12T19:58:13.395683,Analyst-A
EVT-00494,ALT-0235,status,,Open,2026-09-16T22:29:13.395683,System
EVT-00495,ALT-0235,status,Open,Closed,2026-09-17T02:23:13.395683,SOAR
EVT-00496,ALT-0236,status,,Open,2026-09-29T05:57:13.395683,System
EVT-00497,ALT-0236,status,Open,Closed,2026-09-29T09:33:13.395683,Analyst-B
EVT-00498,ALT-0237,status,,Open,2026-09-20T05:29:13.395683,System
EVT-00499,ALT-0237,status,Open,Resolved,2026-09-20T06:52:53.395683,Analyst-C
EVT-00500,ALT-0237,status,Resolved,Open,2026-09-20T08:16:33.395683,Analyst-C
EVT-00501,ALT-0237,status,Open,Closed,2026-09-20T09:40:13.395683,Analyst-C
EVT-00502,ALT-0238,status,,Open,2026-09-25T05:58:13.395683,System
EVT-00503,ALT-0238,status,Open,Resolved,2026-09-25T07:07:53.395683,Analyst-A
EVT-00504,ALT-0238,status,Resolved,Open,2026-09-25T08:17:33.395683,Analyst-A
EVT-00505,ALT-0238,status,Open,Closed,2026-09-25T09:27:13.395683,Analyst-A
EVT-00506,ALT-0239,status,,Open,2026-09-24T03:46:13.395683,System
EVT-00507,ALT-0239,status,Open,Closed,2026-09-24T07:43:13.395683,SOAR
EVT-00508,ALT-0240,status,,Open,2026-09-05T22:39:13.395683,System
EVT-00509,ALT-0240,status,Open,Closed,2026-09-05T22:54:13.395683,Analyst-D
EVT-00510,ALT-0241,status,,Open,2026-09-24T19:49:13.395683,System
EVT-00511,ALT-0241,severity,Critical,Medium,2026-09-24T21:05:43.395683,Analyst-C
EVT-00512,ALT-0241,status,Open,Closed,2026-09-24T22:22:13.395683,Analyst-C
EVT-00513,ALT-0242,status,,Open,2026-08-31T19:12:13.395683,System
EVT-00514,ALT-0242,severity,High,Low,2026-08-31T20:27:13.395683,Analyst-C
EVT-00515,ALT-0242,status,Open,Closed,2026-08-31T21:42:13.395683,Analyst-C
EVT-00516,ALT-0243,status,,Open,2026-09-23T17:49:13.395683,System
EVT-00517,ALT-0243,status,Open,Closed,2026-09-23T19:45:13.395683,Analyst-C
EVT-00518,ALT-0244,status,,Open,2026-09-10T01:32:13.395683,System
EVT-00519,ALT-0244,status,Open,Closed,2026-09-10T05:22:13.395683,Analyst-A
EVT-00520,ALT-0245,status,,Open,2026-09-17T10:28:13.395683,System
EVT-00521,ALT-0245,status,Open,Closed,2026-09-17T12:50:13.395683,Analyst-A
EVT-00522,ALT-0246,status,,Open,2026-09-15T16:46:13.395683,System
EVT-00523,ALT-0246,status,Open,Closed,2026-09-15T17:24:13.395683,Analyst-D
EVT-00524,ALT-0247,status,,Open,2026-09-19T14:07:13.395683,System
EVT-00525,ALT-0247,status,Open,Resolved,2026-09-19T15:29:33.395683,Analyst-A
EVT-00526,ALT-0247,status,Resolved,Open,2026-09-19T16:51:53.395683,Analyst-A
EVT-00527,ALT-0247,status,Open,Closed,2026-09-19T18:14:13.395683,Analyst-A
EVT-00528,ALT-0248,status,,Open,2026-09-24T03:32:13.395683,System
EVT-00529,ALT-0248,status,Open,Closed,2026-09-24T03:47:13.395683,SOAR
EVT-00530,ALT-0249,status,,Open,2026-09-17T11:00:13.395683,System
EVT-00531,ALT-0249,status,Open,Closed,2026-09-17T11:22:13.395683,Analyst-B
EVT-00532,ALT-0250,status,,Open,2026-09-10T12:35:13.395683,System
EVT-00533,ALT-0250,status,Open,Closed,2026-09-10T13:35:13.395683,Analyst-D
EVT-00534,ALT-0251,status,,Open,2026-09-11T13:16:13.395683,System
EVT-00535,ALT-0251,status,Open,Closed,2026-09-11T15:51:13.395683,Analyst-A
EVT-00536,ALT-0252,status,,Open,2026-09-20T05:09:13.395683,System
EVT-00537,ALT-0252,status,Open,Closed,2026-09-20T06:09:13.395683,Analyst-D
EVT-00538,ALT-0253,status,,Open,2026-09-14T07:30:13.395683,System
EVT-00539,ALT-0253,status,Open,Closed,2026-09-14T10:39:13.395683,Analyst-B
EVT-00540,ALT-0254,status,,Open,2026-09-30T00:25:13.395683,System
EVT-00541,ALT-0254,status,Open,Closed,2026-09-30T04:23:13.395683,SOAR
EVT-00542,ALT-0255,status,,Open,2026-09-25T20:48:13.395683,System
EVT-00543,ALT-0255,status,Open,Closed,2026-09-25T23:17:13.395683,Analyst-B
EVT-00544,ALT-0256,status,,Open,2026-09-16T12:27:13.395683,System
EVT-00545,ALT-0256,status,Open,Closed,2026-09-16T16:12:13.395683,Analyst-B
EVT-00546,ALT-0257,status,,Open,2026-09-10T00:11:13.395683,System
EVT-00547,ALT-0257,status,Open,Closed,2026-09-10T03:52:13.395683,Analyst-B
EVT-00548,ALT-0258,status,,Open,2026-09-02T01:50:13.395683,System
EVT-00549,ALT-0258,status,Open,Closed,2026-09-02T03:36:13.395683,Analyst-D
EVT-00550,ALT-0259,status,,Open,2026-09-12T08:05:13.395683,System
EVT-00551,ALT-0259,status,Open,Closed,2026-09-12T10:57:13.395683,Analyst-B
EVT-00552,ALT-0260,status,,Open,2026-09-22T00:09:13.395683,System
EVT-00553,ALT-0260,status,Open,Closed,2026-09-22T00:48:13.395683,Analyst-D
EVT-00554,ALT-0261,status,,Open,2026-09-16T11:35:13.395683,System
EVT-00555,ALT-0261,status,Open,Closed,2026-09-16T14:47:13.395683,Analyst-A
EVT-00556,ALT-0262,status,,Open,2026-09-07T12:02:13.395683,System
EVT-00557,ALT-0262,status,Open,Closed,2026-09-07T15:11:13.395683,Analyst-C
EVT-00558,ALT-0263,status,,Open,2026-09-09T12:53:13.395683,System
EVT-00559,ALT-0263,status,Open,Closed,2026-09-09T15:42:13.395683,Analyst-D
EVT-00560,ALT-0264,status,,Open,2026-09-24T06:05:13.395683,System
EVT-00561,ALT-0264,status,Open,Closed,2026-09-24T06:15:13.395683,Analyst-B
EVT-00562,ALT-0265,status,,Open,2026-09-03T02:05:13.395683,System
EVT-00563,ALT-0265,status,Open,Closed,2026-09-03T04:55:13.395683,SOAR
EVT-00564,ALT-0266,status,,Open,2026-09-26T14:02:13.395683,System
EVT-00565,ALT-0266,status,Open,Closed,2026-09-26T16:24:13.395683,Analyst-B
EVT-00566,ALT-0267,status,,Open,2026-09-13T18:03:13.395683,System
EVT-00567,ALT-0267,status,Open,Closed,2026-09-13T18:37:13.395683,Analyst-D
EVT-00568,ALT-0268,status,,Open,2026-09-27T08:09:13.395683,System
EVT-00569,ALT-0268,status,Open,Closed,2026-09-27T10:51:13.395683,SOAR
EVT-00570,ALT-0269,status,,Open,2026-09-03T11:36:13.395683,System
EVT-00571,ALT-0269,status,Open,Closed,2026-09-03T15:18:13.395683,SOAR
EVT-00572,ALT-0270,status,,Open,2026-09-12T21:32:13.395683,System
EVT-00573,ALT-0270,severity,Critical,Medium,2026-09-12T22:34:13.395683,Analyst-C
EVT-00574,ALT-0270,status,Open,Closed,2026-09-12T23:36:13.395683,Analyst-C
EVT-00575,ALT-0271,status,,Open,2026-09-23T17:14:13.395683,System
EVT-00576,ALT-0271,status,Open,Closed,2026-09-23T19:10:13.395683,Analyst-D
EVT-00577,ALT-0272,status,,Open,2026-09-11T22:37:13.395683,System
EVT-00578,ALT-0272,status,Open,Closed,2026-09-12T00:22:13.395683,Analyst-C
EVT-00579,ALT-0273,status,,Open,2026-09-21T23:13:13.395683,System
EVT-00580,ALT-0273,status,Open,Closed,2026-09-22T02:35:13.395683,Analyst-D
EVT-00581,ALT-0274,status,,Open,2026-09-26T07:47:13.395683,System
EVT-00582,ALT-0274,status,Open,Closed,2026-09-26T10:02:13.395683,Analyst-D
EVT-00583,ALT-0275,status,,Open,2026-09-02T06:23:13.395683,System
EVT-00584,ALT-0275,status,Open,Closed,2026-09-02T10:15:13.395683,Analyst-B
EVT-00585,ALT-0276,status,,Open,2026-09-26T21:19:13.395683,System
EVT-00586,ALT-0276,status,Open,Closed,2026-09-26T21:24:13.395683,Analyst-C
EVT-00587,ALT-0277,status,,Open,2026-09-13T04:50:13.395683,System
EVT-00588,ALT-0277,status,Open,Closed,2026-09-13T07:47:13.395683,SOAR
EVT-00589,ALT-0278,status,,Open,2026-08-30T17:19:13.395683,System
EVT-00590,ALT-0278,status,Open,Closed,2026-08-30T19:08:13.395683,Analyst-A
EVT-00591,ALT-0279,status,,Open,2026-09-26T17:03:13.395683,System
EVT-00592,ALT-0279,status,Open,Closed,2026-09-26T18:58:13.395683,SOAR
EVT-00593,ALT-0280,status,,Open,2026-09-29T07:06:13.395683,System
EVT-00594,ALT-0280,status,Open,Closed,2026-09-29T09:09:13.395683,SOAR
EVT-00595,ALT-0281,status,,Open,2026-09-27T22:41:13.395683,System
EVT-00596,ALT-0281,status,Open,Closed,2026-09-28T00:12:13.395683,Analyst-D
EVT-00597,ALT-0282,status,,Open,2026-09-04T14:54:13.395683,System
EVT-00598,ALT-0282,status,Open,Closed,2026-09-04T18:07:13.395683,Analyst-C
EVT-00599,ALT-0283,status,,Open,2026-09-06T09:01:13.395683,System
EVT-00600,ALT-0283,status,Open,Closed,2026-09-06T09:30:13.395683,Analyst-B
EVT-00601,ALT-0284,status,,Open,2026-09-08T03:12:13.395683,System
EVT-00602,ALT-0284,status,Open,Closed,2026-09-08T04:28:13.395683,Analyst-D
EVT-00603,ALT-0285,status,,Open,2026-09-15T16:20:13.395683,System
EVT-00604,ALT-0285,status,Open,Closed,2026-09-15T19:44:13.395683,Analyst-D
EVT-00605,ALT-0286,status,,Open,2026-09-10T02:31:13.395683,System
EVT-00606,ALT-0286,status,Open,Closed,2026-09-10T02:58:13.395683,Analyst-D
EVT-00607,ALT-0287,status,,Open,2026-09-19T10:10:13.395683,System
EVT-00608,ALT-0287,status,Open,Closed,2026-09-19T11:42:13.395683,Analyst-D
EVT-00609,ALT-0288,status,,Open,2026-09-03T12:52:13.395683,System
EVT-00610,ALT-0288,status,Open,Closed,2026-09-03T12:57:13.395683,SOAR
EVT-00611,ALT-0289,status,,Open,2026-09-10T01:52:13.395683,System
EVT-00612,ALT-0289,status,Open,Closed,2026-09-10T02:43:13.395683,Analyst-D
EVT-00613,ALT-0290,status,,Open,2026-09-19T15:08:13.395683,System
EVT-00614,ALT-0290,status,Open,Closed,2026-09-19T16:35:13.395683,SOAR
EVT-00615,ALT-0291,status,,Open,2026-09-25T02:18:13.395683,System
EVT-00616,ALT-0291,status,Open,Closed,2026-09-25T05:50:13.395683,Analyst-B
EVT-00617,ALT-0292,status,,Open,2026-09-21T07:59:13.395683,System
EVT-00618,ALT-0292,status,Open,Closed,2026-09-21T10:51:13.395683,Analyst-C
EVT-00619,ALT-0293,status,,Open,2026-09-28T02:52:13.395683,System
EVT-00620,ALT-0293,status,Open,Closed,2026-09-28T03:36:13.395683,SOAR
EVT-00621,ALT-0294,status,,Open,2026-09-09T12:55:13.395683,System
EVT-00622,ALT-0294,status,Open,Closed,2026-09-09T16:02:13.395683,Analyst-D
EVT-00623,ALT-0295,status,,Open,2026-09-24T00:19:13.395683,System
EVT-00624,ALT-0295,status,Open,Closed,2026-09-24T03:55:13.395683,SOAR
EVT-00625,ALT-0296,status,,Open,2026-09-09T15:56:13.395683,System
EVT-00626,ALT-0296,status,Open,Closed,2026-09-09T18:58:13.395683,SOAR
EVT-00627,ALT-0297,status,,Open,2026-09-13T04:30:13.395683,System
EVT-00628,ALT-0297,status,Open,Closed,2026-09-13T07:04:13.395683,SOAR
EVT-00629,ALT-0298,status,,Open,2026-09-19T14:55:13.395683,System
EVT-00630,ALT-0298,status,Open,Closed,2026-09-19T18:12:13.395683,SOAR
EVT-00631,ALT-0299,status,,Open,2026-09-24T01:57:13.395683,System
EVT-00632,ALT-0299,status,Open,Closed,2026-09-24T02:24:13.395683,Analyst-C
EVT-00633,ALT-0300,status,,Open,2026-09-12T07:19:13.395683,System
EVT-00634,ALT-0300,status,Open,Closed,2026-09-12T07:24:13.395683,Analyst-C
EVT-00635,ALT-0301,status,,Open,2026-09-12T16:07:13.395683,System
EVT-00636,ALT-0301,status,Open,Closed,2026-09-12T16:31:13.395683,Analyst-A
EVT-00637,ALT-0302,status,,Open,2026-09-21T02:46:13.395683,System
EVT-00638,ALT-0302,status,Open,Resolved,2026-09-21T04:05:33.395683,Analyst-C
EVT-00639,ALT-0302,status,Resolved,Open,2026-09-21T05:24:53.395683,Analyst-C
EVT-00640,ALT-0302,status,Open,Closed,2026-09-21T06:44:13.395683,Analyst-C
EVT-00641,ALT-0303,status,,Open,2026-09-21T16:36:13.395683,System
EVT-00642,ALT-0303,status,Open,Closed,2026-09-21T19:42:13.395683,SOAR
EVT-00643,ALT-0304,status,,Open,2026-09-28T23:16:13.395683,System
EVT-00644,ALT-0304,status,Open,Closed,2026-09-29T00:19:13.395683,Analyst-D
EVT-00645,ALT-0305,status,,Open,2026-08-31T17:18:13.395683,System
EVT-00646,ALT-0305,status,Open,Closed,2026-08-31T20:19:13.395683,Analyst-A
EVT-00647,ALT-0306,status,,Open,2026-09-21T01:35:13.395683,System
EVT-00648,ALT-0306,status,Open,Closed,2026-09-21T02:20:13.395683,Analyst-A
EVT-00649,ALT-0307,status,,Open,2026-09-24T09:15:13.395683,System
EVT-00650,ALT-0307,status,Open,Closed,2026-09-24T11:31:13.395683,SOAR
EVT-00651,ALT-0308,status,,Open,2026-09-22T00:55:13.395683,System
EVT-00652,ALT-0308,status,Open,Closed,2026-09-22T01:22:13.395683,SOAR
EVT-00653,ALT-0309,status,,Open,2026-09-27T08:18:13.395683,System
EVT-00654,ALT-0309,status,Open,Closed,2026-09-27T10:26:13.395683,SOAR
EVT-00655,ALT-0310,status,,Open,2026-09-04T02:40:13.395683,System
EVT-00656,ALT-0310,status,Open,Closed,2026-09-04T04:43:13.395683,Analyst-B
EVT-00657,ALT-0311,status,,Open,2026-09-02T03:07:13.395683,System
EVT-00658,ALT-0311,status,Open,Closed,2026-09-02T03:50:13.395683,SOAR
EVT-00659,ALT-0312,status,,Open,2026-09-15T12:40:13.395683,System
EVT-00660,ALT-0312,status,Open,Closed,2026-09-15T12:55:13.395683,Analyst-D
EVT-00661,ALT-0313,status,,Open,2026-09-18T04:29:13.395683,System
EVT-00662,ALT-0313,status,Open,Closed,2026-09-18T05:32:13.395683,SOAR
EVT-00663,ALT-0314,status,,Open,2026-09-12T03:33:13.395683,System
EVT-00664,ALT-0314,severity,Critical,Medium,2026-09-12T04:49:13.395683,SOAR
EVT-00665,ALT-0314,status,Open,Closed,2026-09-12T06:05:13.395683,SOAR
EVT-00666,ALT-0315,status,,Open,2026-09-24T01:24:13.395683,System
EVT-00667,ALT-0315,status,Open,Closed,2026-09-24T02:47:13.395683,Analyst-C
EVT-00668,ALT-0316,status,,Open,2026-09-06T02:59:13.395683,System
EVT-00669,ALT-0316,status,Open,Closed,2026-09-06T04:29:13.395683,Analyst-B
EVT-00670,ALT-0317,status,,Open,2026-09-11T04:32:13.395683,System
EVT-00671,ALT-0317,status,Open,Closed,2026-09-11T04:51:13.395683,Analyst-D
EVT-00672,ALT-0318,status,,Open,2026-09-26T14:17:13.395683,System
EVT-00673,ALT-0318,status,Open,Closed,2026-09-26T16:33:13.395683,Analyst-D
EVT-00674,ALT-0319,status,,Open,2026-09-06T18:05:13.395683,System
EVT-00675,ALT-0319,status,Open,Closed,2026-09-06T19:52:13.395683,Analyst-A
EVT-00676,ALT-0320,status,,Open,2026-09-05T07:41:13.395683,System
EVT-00677,ALT-0320,status,Open,Closed,2026-09-05T08:14:13.395683,SOAR
EVT-00678,ALT-0321,status,,Open,2026-09-02T01:50:13.395683,System
EVT-00679,ALT-0321,status,Open,Closed,2026-09-02T05:09:13.395683,SOAR
EVT-00680,ALT-0322,status,,Open,2026-09-19T07:06:13.395683,System
EVT-00681,ALT-0322,status,Open,Closed,2026-09-19T09:58:13.395683,Analyst-A
EVT-00682,ALT-0323,status,,Open,2026-09-11T12:07:13.395683,System
EVT-00683,ALT-0323,status,Open,Closed,2026-09-11T15:09:13.395683,Analyst-B
EVT-00684,ALT-0324,status,,Open,2026-09-26T11:05:13.395683,System
EVT-00685,ALT-0324,status,Open,Closed,2026-09-26T12:05:13.395683,SOAR
EVT-00686,ALT-0325,status,,Open,2026-09-18T23:04:13.395683,System
EVT-00687,ALT-0325,status,Open,Closed,2026-09-19T00:31:13.395683,SOAR
EVT-00688,ALT-0326,status,,Open,2026-09-12T10:01:13.395683,System
EVT-00689,ALT-0326,status,Open,Closed,2026-09-12T12:59:13.395683,Analyst-C
EVT-00690,ALT-0327,status,,Open,2026-09-29T04:01:13.395683,System
EVT-00691,ALT-0327,status,Open,Closed,2026-09-29T07:09:13.395683,Analyst-D
EVT-00692,ALT-0328,status,,Open,2026-09-04T19:16:13.395683,System
EVT-00693,ALT-0328,status,Open,Closed,2026-09-04T20:57:13.395683,Analyst-B
EVT-00694,ALT-0329,status,,Open,2026-09-09T23:07:13.395683,System
EVT-00695,ALT-0329,status,Open,Closed,2026-09-10T02:15:13.395683,Analyst-B
EVT-00696,ALT-0330,status,,Open,2026-09-02T19:39:13.395683,System
EVT-00697,ALT-0330,status,Open,Resolved,2026-09-02T20:48:53.395683,SOAR
EVT-00698,ALT-0330,status,Resolved,Open,2026-09-02T21:58:33.395683,SOAR
EVT-00699,ALT-0330,status,Open,Closed,2026-09-02T23:08:13.395683,SOAR
EVT-00700,ALT-0331,status,,Open,2026-09-18T04:40:13.395683,System
EVT-00701,ALT-0331,status,Open,Closed,2026-09-18T07:18:13.395683,SOAR
EVT-00702,ALT-0332,status,,Open,2026-09-20T17:25:13.395683,System
EVT-00703,ALT-0332,status,Open,Closed,2026-09-20T20:24:13.395683,Analyst-A
EVT-00704,ALT-0333,status,,Open,2026-09-12T23:52:13.395683,System
EVT-00705,ALT-0333,status,Open,Closed,2026-09-13T01:47:13.395683,Analyst-D
EVT-00706,ALT-0334,status,,Open,2026-09-16T02:07:13.395683,System
EVT-00707,ALT-0334,status,Open,Closed,2026-09-16T02:54:13.395683,Analyst-D
EVT-00708,ALT-0335,status,,Open,2026-09-08T13:11:13.395683,System
EVT-00709,ALT-0335,status,Open,Resolved,2026-09-08T14:34:33.395683,Analyst-C
EVT-00710,ALT-0335,status,Resolved,Open,2026-09-08T15:57:53.395683,Analyst-C
EVT-00711,ALT-0335,status,Open,Closed,2026-09-08T17:21:13.395683,Analyst-C
EVT-00712,ALT-0336,status,,Open,2026-08-30T21:24:13.395683,System
EVT-00713,ALT-0336,severity,Critical,Medium,2026-08-30T21:54:13.395683,SOAR
EVT-00714,ALT-0336,status,Open,Closed,2026-08-30T22:24:13.395683,SOAR
EVT-00715,ALT-0337,status,,Open,2026-09-23T18:24:13.395683,System
EVT-00716,ALT-0337,status,Open,Closed,2026-09-23T19:21:13.395683,Analyst-A
EVT-00717,ALT-0338,status,,Open,2026-09-03T07:30:13.395683,System
EVT-00718,ALT-0338,status,Open,Closed,2026-09-03T10:10:13.395683,SOAR
EVT-00719,ALT-0339,status,,Open,2026-09-04T03:50:13.395683,System
EVT-00720,ALT-0339,status,Open,Closed,2026-09-04T06:40:13.395683,SOAR
EVT-00721,ALT-0340,status,,Open,2026-09-28T06:08:13.395683,System
EVT-00722,ALT-0340,status,Open,Closed,2026-09-28T07:44:13.395683,Analyst-A
EVT-00723,ALT-0341,status,,Open,2026-09-14T05:00:13.395683,System
EVT-00724,ALT-0341,status,Open,Closed,2026-09-14T08:06:13.395683,Analyst-C
EVT-00725,ALT-0342,status,,Open,2026-09-29T17:01:13.395683,System
EVT-00726,ALT-0342,status,Open,Closed,2026-09-29T17:16:13.395683,Analyst-D
EVT-00727,ALT-0343,status,,Open,2026-09-15T00:25:13.395683,System
EVT-00728,ALT-0343,status,Open,Closed,2026-09-15T01:31:13.395683,SOAR
EVT-00729,ALT-0344,status,,Open,2026-09-15T12:38:13.395683,System
EVT-00730,ALT-0344,status,Open,Closed,2026-09-15T14:42:13.395683,Analyst-D
EVT-00731,ALT-0345,status,,Open,2026-09-25T20:46:13.395683,System
EVT-00732,ALT-0345,status,Open,Closed,2026-09-25T22:17:13.395683,Analyst-B
EVT-00733,ALT-0346,status,,Open,2026-09-27T21:56:13.395683,System
EVT-00734,ALT-0346,status,Open,Closed,2026-09-27T22:12:13.395683,SOAR
EVT-00735,ALT-0347,status,,Open,2026-09-02T15:33:13.395683,System
EVT-00736,ALT-0347,status,Open,Closed,2026-09-02T17:40:13.395683,Analyst-B
EVT-00737,ALT-0348,status,,Open,2026-09-13T12:13:13.395683,System
EVT-00738,ALT-0348,status,Open,Closed,2026-09-13T12:28:13.395683,Analyst-B
EVT-00739,ALT-0349,status,,Open,2026-09-09T16:43:13.395683,System
EVT-00740,ALT-0349,status,Open,Closed,2026-09-09T17:51:13.395683,Analyst-D
EVT-00741,ALT-0350,status,,Open,2026-09-26T21:52:13.395683,System
EVT-00742,ALT-0350,status,Open,Closed,2026-09-27T00:41:13.395683,Analyst-B
EVT-00743,ALT-0351,status,,Open,2026-09-27T10:01:13.395683,System
EVT-00744,ALT-0351,status,Open,Closed,2026-09-27T11:52:13.395683,Analyst-D
EVT-00745,ALT-0352,status,,Open,2026-09-15T15:39:13.395683,System
EVT-00746,ALT-0352,status,Open,Closed,2026-09-15T18:25:13.395683,SOAR
EVT-00747,ALT-0353,status,,Open,2026-09-14T14:23:13.395683,System
EVT-00748,ALT-0353,status,Open,Closed,2026-09-14T17:56:13.395683,Analyst-B
EVT-00749,ALT-0354,status,,Open,2026-09-05T22:02:13.395683,System
EVT-00750,ALT-0354,status,Open,Closed,2026-09-06T00:21:13.395683,Analyst-B
EVT-00751,ALT-0355,status,,Open,2026-09-13T21:06:13.395683,System
EVT-00752,ALT-0355,severity,Critical,Medium,2026-09-13T22:03:13.395683,SOAR
EVT-00753,ALT-0355,status,Open,Closed,2026-09-13T23:00:13.395683,SOAR
EVT-00754,ALT-0356,status,,Open,2026-09-03T08:53:13.395683,System
EVT-00755,ALT-0356,status,Open,Resolved,2026-09-03T10:09:33.395683,Analyst-C
EVT-00756,ALT-0356,status,Resolved,Open,2026-09-03T11:25:53.395683,Analyst-C
EVT-00757,ALT-0356,status,Open,Closed,2026-09-03T12:42:13.395683,Analyst-C
EVT-00758,ALT-0357,status,,Open,2026-09-05T01:04:13.395683,System
EVT-00759,ALT-0357,status,Open,Closed,2026-09-05T02:31:13.395683,SOAR
EVT-00760,ALT-0358,status,,Open,2026-09-18T13:44:13.395683,System
EVT-00761,ALT-0358,status,Open,Closed,2026-09-18T15:08:13.395683,Analyst-D
EVT-00762,ALT-0359,status,,Open,2026-09-19T10:39:13.395683,System
EVT-00763,ALT-0359,status,Open,Resolved,2026-09-19T11:53:33.395683,Analyst-D
EVT-00764,ALT-0359,status,Resolved,Open,2026-09-19T13:07:53.395683,Analyst-D
EVT-00765,ALT-0359,status,Open,Closed,2026-09-19T14:22:13.395683,Analyst-D
EVT-00766,ALT-0360,status,,Open,2026-09-22T17:02:13.395683,System
EVT-00767,ALT-0360,status,Open,Closed,2026-09-22T17:32:13.395683,Analyst-D
EVT-00768,ALT-0361,status,,Open,2026-09-13T17:11:13.395683,System
EVT-00769,ALT-0361,status,Open,Closed,2026-09-13T19:13:13.395683,Analyst-A
EVT-00770,ALT-0362,status,,Open,2026-09-29T12:27:13.395683,System
EVT-00771,ALT-0362,status,Open,Closed,2026-09-29T15:55:13.395683,Analyst-A
EVT-00772,ALT-0363,status,,Open,2026-09-02T13:59:13.395683,System
EVT-00773,ALT-0363,status,Open,Closed,2026-09-02T17:40:13.395683,Analyst-D
EVT-00774,ALT-0364,status,,Open,2026-09-02T16:19:13.395683,System
EVT-00775,ALT-0364,status,Open,Closed,2026-09-02T16:51:13.395683,Analyst-C
EVT-00776,ALT-0365,status,,Open,2026-09-24T11:54:13.395683,System
EVT-00777,ALT-0365,status,Open,Closed,2026-09-24T12:52:13.395683,Analyst-A
EVT-00778,ALT-0366,status,,Open,2026-08-30T20:55:13.395683,System
EVT-00779,ALT-0366,status,Open,Closed,2026-08-30T23:18:13.395683,Analyst-B
EVT-00780,ALT-0367,status,,Open,2026-09-07T07:46:13.395683,System
EVT-00781,ALT-0367,status,Open,Closed,2026-09-07T08:06:13.395683,Analyst-B
EVT-00782,ALT-0368,status,,Open,2026-09-12T23:56:13.395683,System
EVT-00783,ALT-0368,status,Open,Closed,2026-09-13T00:58:13.395683,SOAR
EVT-00784,ALT-0369,status,,Open,2026-08-31T11:20:13.395683,System
EVT-00785,ALT-0369,status,Open,Closed,2026-08-31T13:02:13.395683,Analyst-D
EVT-00786,ALT-0370,status,,Open,2026-09-17T12:57:13.395683,System
EVT-00787,ALT-0370,status,Open,Closed,2026-09-17T13:12:13.395683,Analyst-C
EVT-00788,ALT-0371,status,,Open,2026-09-07T17:30:13.395683,System
EVT-00789,ALT-0371,status,Open,Closed,2026-09-07T21:28:13.395683,Analyst-D
EVT-00790,ALT-0372,status,,Open,2026-09-30T01:18:13.395683,System
EVT-00791,ALT-0372,status,Open,Closed,2026-09-30T02:18:13.395683,Analyst-C
EVT-00792,ALT-0373,status,,Open,2026-09-23T19:22:13.395683,System
EVT-00793,ALT-0373,status,Open,Closed,2026-09-23T21:56:13.395683,Analyst-B
EVT-00794,ALT-0374,status,,Open,2026-09-07T09:56:13.395683,System
EVT-00795,ALT-0374,status,Open,Closed,2026-09-07T11:25:13.395683,Analyst-C
EVT-00796,ALT-0375,status,,Open,2026-09-10T11:17:13.395683,System
EVT-00797,ALT-0375,status,Open,Closed,2026-09-10T13:02:13.395683,SOAR
EVT-00798,ALT-0376,status,,Open,2026-09-15T03:23:13.395683,System
EVT-00799,ALT-0376,status,Open,Closed,2026-09-15T03:48:13.395683,Analyst-B
EVT-00800,ALT-0377,status,,Open,2026-09-22T04:53:13.395683,System
EVT-00801,ALT-0377,status,Open,Closed,2026-09-22T08:07:13.395683,Analyst-A
EVT-00802,ALT-0378,status,,Open,2026-09-22T07:56:13.395683,System
EVT-00803,ALT-0378,status,Open,Closed,2026-09-22T09:16:13.395683,Analyst-A
EVT-00804,ALT-0379,status,,Open,2026-09-15T00:43:13.395683,System
EVT-00805,ALT-0379,status,Open,Closed,2026-09-15T01:57:13.395683,Analyst-D
EVT-00806,ALT-0380,status,,Open,2026-09-10T19:33:13.395683,System
EVT-00807,ALT-0380,status,Open,Closed,2026-09-10T22:59:13.395683,Analyst-D
EVT-00808,ALT-0381,status,,Open,2026-09-22T21:34:13.395683,System
EVT-00809,ALT-0381,status,Open,Closed,2026-09-22T23:45:13.395683,Analyst-D
EVT-00810,ALT-0382,status,,Open,2026-09-08T22:53:13.395683,System
EVT-00811,ALT-0382,status,Open,Closed,2026-09-09T01:57:13.395683,SOAR
EVT-00812,ALT-0383,status,,Open,2026-09-26T16:00:13.395683,System
EVT-00813,ALT-0383,status,Open,Closed,2026-09-26T16:49:13.395683,Analyst-C
EVT-00814,ALT-0384,status,,Open,2026-09-21T01:10:13.395683,System
EVT-00815,ALT-0384,status,Open,Closed,2026-09-21T01:15:13.395683,Analyst-A
EVT-00816,ALT-0385,status,,Open,2026-09-12T03:11:13.395683,System
EVT-00817,ALT-0385,status,Open,Closed,2026-09-12T05:02:13.395683,Analyst-B
EVT-00818,ALT-0386,status,,Open,2026-09-05T02:50:13.395683,System
EVT-00819,ALT-0386,status,Open,Closed,2026-09-05T05:41:13.395683,SOAR
EVT-00820,ALT-0387,status,,Open,2026-09-28T15:07:13.395683,System
EVT-00821,ALT-0387,status,Open,Closed,2026-09-28T18:21:13.395683,Analyst-D
EVT-00822,ALT-0388,status,,Open,2026-09-21T12:18:13.395683,System
EVT-00823,ALT-0388,status,Open,Closed,2026-09-21T16:05:13.395683,SOAR
EVT-00824,ALT-0389,status,,Open,2026-09-14T21:53:13.395683,System
EVT-00825,ALT-0389,status,Open,Closed,2026-09-14T22:13:13.395683,Analyst-B
EVT-00826,ALT-0390,status,,Open,2026-09-19T02:34:13.395683,System
EVT-00827,ALT-0390,status,Open,Closed,2026-09-19T05:02:13.395683,SOAR
EVT-00828,ALT-0391,status,,Open,2026-09-29T19:29:13.395683,System
EVT-00829,ALT-0391,status,Open,Closed,2026-09-29T20:09:13.395683,SOAR
EVT-00830,ALT-0392,status,,Open,2026-09-06T13:10:13.395683,System
EVT-00831,ALT-0392,status,Open,Closed,2026-09-06T16:31:13.395683,Analyst-D
EVT-00832,ALT-0393,status,,Open,2026-09-10T23:16:13.395683,System
EVT-00833,ALT-0393,status,Open,Closed,2026-09-11T02:41:13.395683,Analyst-D
EVT-00834,ALT-0394,status,,Open,2026-09-21T18:19:13.395683,System
EVT-00835,ALT-0394,status,Open,Closed,2026-09-21T21:24:13.395683,Analyst-B
EVT-00836,ALT-0395,status,,Open,2026-09-17T02:46:13.395683,System
EVT-00837,ALT-0395,severity,Critical,Medium,2026-09-17T04:20:13.395683,Analyst-B
EVT-00838,ALT-0395,status,Open,Closed,2026-09-17T05:54:13.395683,Analyst-B
EVT-00839,ALT-0396,status,,Open,2026-09-18T01:14:13.395683,System
EVT-00840,ALT-0396,status,Open,Closed,2026-09-18T01:29:13.395683,Analyst-C
EVT-00841,ALT-0397,status,,Open,2026-09-28T05:38:13.395683,System
EVT-00842,ALT-0397,status,Open,Closed,2026-09-28T08:22:13.395683,Analyst-A
EVT-00843,ALT-0398,status,,Open,2026-09-23T19:12:13.395683,System
EVT-00844,ALT-0398,status,Open,Closed,2026-09-23T21:05:13.395683,Analyst-A
EVT-00845,ALT-0399,status,,Open,2026-09-02T05:18:13.395683,System
EVT-00846,ALT-0399,status,Open,Closed,2026-09-02T07:49:13.395683,Analyst-C
EVT-00847,ALT-0400,status,,Open,2026-09-22T02:31:13.395683,System
EVT-00848,ALT-0400,status,Open,Closed,2026-09-22T06:16:13.395683,SOAR
EVT-00849,ALT-0401,status,,Open,2026-09-22T12:25:13.395683,System
EVT-00850,ALT-0401,status,Open,Closed,2026-09-22T16:25:13.395683,Analyst-C
EVT-00851,ALT-0402,status,,Open,2026-09-07T22:25:13.395683,System
EVT-00852,ALT-0402,status,Open,Closed,2026-09-08T02:23:13.395683,Analyst-C
EVT-00853,ALT-0403,status,,Open,2026-09-16T05:00:13.395683,System
EVT-00854,ALT-0403,status,Open,Closed,2026-09-16T06:14:13.395683,Analyst-B
EVT-00855,ALT-0404,status,,Open,2026-09-28T07:39:13.395683,System
EVT-00856,ALT-0404,status,Open,Closed,2026-09-28T08:07:13.395683,Analyst-D
EVT-00857,ALT-0405,status,,Open,2026-09-16T23:25:13.395683,System
EVT-00858,ALT-0405,status,Open,Closed,2026-09-16T23:45:13.395683,Analyst-A
EVT-00859,ALT-0406,status,,Open,2026-08-31T19:58:13.395683,System
EVT-00860,ALT-0406,status,Open,Closed,2026-08-31T21:59:13.395683,SOAR
EVT-00861,ALT-0407,status,,Open,2026-09-08T17:44:13.395683,System
EVT-00862,ALT-0407,status,Open,Closed,2026-09-08T20:17:13.395683,Analyst-B
EVT-00863,ALT-0408,status,,Open,2026-09-24T07:14:13.395683,System
EVT-00864,ALT-0408,status,Open,Closed,2026-09-24T07:29:13.395683,Analyst-B
EVT-00865,ALT-0409,status,,Open,2026-09-23T08:15:13.395683,System
EVT-00866,ALT-0409,status,Open,Closed,2026-09-23T11:58:13.395683,Analyst-B
EVT-00867,ALT-0410,status,,Open,2026-09-15T13:02:13.395683,System
EVT-00868,ALT-0410,status,Open,Closed,2026-09-15T14:12:13.395683,SOAR
EVT-00869,ALT-0411,status,,Open,2026-09-04T11:33:13.395683,System
EVT-00870,ALT-0411,severity,Critical,Medium,2026-09-04T12:52:13.395683,Analyst-C
EVT-00871,ALT-0411,status,Open,Closed,2026-09-04T14:11:13.395683,Analyst-C
EVT-00872,ALT-0412,status,,Open,2026-09-14T06:37:13.395683,System
EVT-00873,ALT-0412,status,Open,Closed,2026-09-14T09:26:13.395683,Analyst-D
EVT-00874,ALT-0413,status,,Open,2026-09-26T21:42:13.395683,System
EVT-00875,ALT-0413,status,Open,Closed,2026-09-27T00:56:13.395683,Analyst-D
EVT-00876,ALT-0414,status,,Open,2026-09-09T05:57:13.395683,System
EVT-00877,ALT-0414,status,Open,Resolved,2026-09-09T07:21:13.395683,Analyst-A
EVT-00878,ALT-0414,status,Resolved,Open,2026-09-09T08:45:13.395683,Analyst-A
EVT-00879,ALT-0414,status,Open,Closed,2026-09-09T10:09:13.395683,Analyst-A
EVT-00880,ALT-0415,status,,Open,2026-09-06T21:02:13.395683,System
EVT-00881,ALT-0415,status,Open,Closed,2026-09-06T22:04:13.395683,SOAR
EVT-00882,ALT-0416,status,,Open,2026-09-19T16:20:13.395683,System
EVT-00883,ALT-0416,status,Open,Closed,2026-09-19T18:26:13.395683,Analyst-A
EVT-00884,ALT-0417,status,,Open,2026-09-24T23:28:13.395683,System
EVT-00885,ALT-0417,severity,Critical,Medium,2026-09-25T00:33:43.395683,SOAR
EVT-00886,ALT-0417,status,Open,Closed,2026-09-25T01:39:13.395683,SOAR
EVT-00887,ALT-0418,status,,Open,2026-09-25T19:06:13.395683,System
EVT-00888,ALT-0418,status,Open,Closed,2026-09-25T20:05:13.395683,Analyst-B
EVT-00889,ALT-0419,status,,Open,2026-09-11T14:42:13.395683,System
EVT-00890,ALT-0419,status,Open,Closed,2026-09-11T18:18:13.395683,Analyst-A
EVT-00891,ALT-0420,status,,Open,2026-09-20T12:50:13.395683,System
EVT-00892,ALT-0420,status,Open,Closed,2026-09-20T13:20:13.395683,Analyst-B
EVT-00893,ALT-0421,status,,Open,2026-09-21T23:39:13.395683,System
EVT-00894,ALT-0421,status,Open,Closed,2026-09-22T02:15:13.395683,Analyst-A
EVT-00895,ALT-0422,status,,Open,2026-09-01T13:48:13.395683,System
EVT-00896,ALT-0422,severity,Critical,Medium,2026-09-01T15:28:13.395683,Analyst-A
EVT-00897,ALT-0422,status,Open,Closed,2026-09-01T17:08:13.395683,Analyst-A
EVT-00898,ALT-0423,status,,Open,2026-09-07T01:35:13.395683,System
EVT-00899,ALT-0423,status,Open,Closed,2026-09-07T04:47:13.395683,Analyst-A
EVT-00900,ALT-0424,status,,Open,2026-09-07T19:04:13.395683,System
EVT-00901,ALT-0424,status,Open,Closed,2026-09-07T22:14:13.395683,Analyst-C
EVT-00902,ALT-0425,status,,Open,2026-09-11T21:03:13.395683,System
EVT-00903,ALT-0425,status,Open,Closed,2026-09-11T21:41:13.395683,Analyst-B
EVT-00904,ALT-0426,status,,Open,2026-09-01T11:31:13.395683,System
EVT-00905,ALT-0426,status,Open,Closed,2026-09-01T12:45:13.395683,SOAR
EVT-00906,ALT-0427,status,,Open,2026-09-18T10:40:13.395683,System
EVT-00907,ALT-0427,status,Open,Closed,2026-09-18T13:48:13.395683,Analyst-A
EVT-00908,ALT-0428,status,,Open,2026-09-01T22:08:13.395683,System
EVT-00909,ALT-0428,status,Open,Closed,2026-09-02T01:06:13.395683,Analyst-A
EVT-00910,ALT-0429,status,,Open,2026-09-05T05:30:13.395683,System
EVT-00911,ALT-0429,status,Open,Closed,2026-09-05T05:47:13.395683,Analyst-B
EVT-00912,ALT-0430,status,,Open,2026-09-22T16:57:13.395683,System
EVT-00913,ALT-0430,status,Open,Closed,2026-09-22T19:22:13.395683,Analyst-B
EVT-00914,ALT-0431,status,,Open,2026-09-03T05:09:13.395683,System
EVT-00915,ALT-0431,status,Open,Closed,2026-09-03T07:28:13.395683,Analyst-C
EVT-00916,ALT-0432,status,,Open,2026-09-01T23:01:13.395683,System
EVT-00917,ALT-0432,status,Open,Closed,2026-09-01T23:11:13.395683,Analyst-D
EVT-00918,ALT-0433,status,,Open,2026-09-22T18:16:13.395683,System
EVT-00919,ALT-0433,status,Open,Closed,2026-09-22T22:02:13.395683,Analyst-D
EVT-00920,ALT-0434,status,,Open,2026-09-12T01:02:13.395683,System
EVT-00921,ALT-0434,status,Open,Closed,2026-09-12T02:29:13.395683,SOAR
EVT-00922,ALT-0435,status,,Open,2026-09-17T06:14:13.395683,System
EVT-00923,ALT-0435,status,Open,Closed,2026-09-17T06:15:17.395683,Analyst-C
EVT-00924,ALT-0436,status,,Open,2026-09-27T20:58:13.395683,System
EVT-00925,ALT-0436,status,Open,Closed,2026-09-27T21:52:13.395683,Analyst-C
EVT-00926,ALT-0437,status,,Open,2026-09-02T23:18:13.395683,System
EVT-00927,ALT-0437,status,Open,Resolved,2026-09-03T00:35:33.395683,SOAR
EVT-00928,ALT-0437,status,Resolved,Open,2026-09-03T01:52:53.395683,SOAR
EVT-00929,ALT-0437,status,Open,Closed,2026-09-03T03:10:13.395683,SOAR
EVT-00930,ALT-0438,status,,Open,2026-09-08T11:06:13.395683,System
EVT-00931,ALT-0438,status,Open,Closed,2026-09-08T13:10:13.395683,Analyst-C
EVT-00932,ALT-0439,status,,Open,2026-09-03T00:20:13.395683,System
EVT-00933,ALT-0439,status,Open,Closed,2026-09-03T03:00:13.395683,Analyst-B
EVT-00934,ALT-0440,status,,Open,2026-09-20T12:47:13.395683,System
EVT-00935,ALT-0440,status,Open,Closed,2026-09-20T13:23:13.395683,SOAR
EVT-00936,ALT-0441,status,,Open,2026-09-06T09:57:13.395683,System
EVT-00937,ALT-0441,status,Open,Closed,2026-09-06T12:03:13.395683,Analyst-C
EVT-00938,ALT-0442,status,,Open,2026-09-19T10:01:13.395683,System
EVT-00939,ALT-0442,status,Open,Closed,2026-09-19T10:30:13.395683,SOAR
EVT-00940,ALT-0443,status,,Open,2026-09-14T03:48:13.395683,System
EVT-00941,ALT-0443,status,Open,Closed,2026-09-14T05:22:13.395683,SOAR
EVT-00942,ALT-0444,status,,Open,2026-09-26T10:36:13.395683,System
EVT-00943,ALT-0444,status,Open,Closed,2026-09-26T10:51:13.395683,SOAR
EVT-00944,ALT-0445,status,,Open,2026-09-21T19:08:13.395683,System
EVT-00945,ALT-0445,status,Open,Closed,2026-09-21T21:22:13.395683,Analyst-B
EVT-00946,ALT-0446,status,,Open,2026-09-29T21:55:13.395683,System
EVT-00947,ALT-0446,status,Open,Closed,2026-09-30T01:22:13.395683,Analyst-A
EVT-00948,ALT-0447,status,,Open,2026-09-18T21:15:13.395683,System
EVT-00949,ALT-0447,status,Open,Closed,2026-09-18T23:15:13.395683,Analyst-C
EVT-00950,ALT-0448,status,,Open,2026-09-17T14:46:13.395683,System
EVT-00951,ALT-0448,status,Open,Closed,2026-09-17T17:55:13.395683,Analyst-B
EVT-00952,ALT-0449,status,,Open,2026-09-20T10:17:13.395683,System
EVT-00953,ALT-0449,status,Open,Closed,2026-09-20T11:36:13.395683,SOAR
EVT-00954,ALT-0450,status,,Open,2026-09-04T13:43:13.395683,System
EVT-00955,ALT-0450,status,Open,Closed,2026-09-04T17:04:13.395683,SOAR
EVT-00956,ALT-0451,status,,Open,2026-09-27T03:51:13.395683,System
EVT-00957,ALT-0451,status,Open,Closed,2026-09-27T04:33:13.395683,Analyst-A
EVT-00958,ALT-0452,status,,Open,2026-09-29T09:14:13.395683,System
EVT-00959,ALT-0452,status,Open,Closed,2026-09-29T10:26:13.395683,Analyst-B
EVT-00960,ALT-0453,status,,Open,2026-09-18T13:56:13.395683,System
EVT-00961,ALT-0453,status,Open,Closed,2026-09-18T14:32:13.395683,SOAR
EVT-00962,ALT-0454,status,,Open,2026-09-14T18:16:13.395683,System
EVT-00963,ALT-0454,status,Open,Closed,2026-09-14T20:34:13.395683,SOAR
EVT-00964,ALT-0455,status,,Open,2026-09-17T06:43:13.395683,System
EVT-00965,ALT-0455,status,Open,Closed,2026-09-17T08:36:13.395683,Analyst-C
EVT-00966,ALT-0456,status,,Open,2026-09-17T14:20:13.395683,System
EVT-00967,ALT-0456,status,Open,Closed,2026-09-17T14:30:13.395683,Analyst-B
EVT-00968,ALT-0457,status,,Open,2026-09-24T13:10:13.395683,System
EVT-00969,ALT-0457,severity,High,Low,2026-09-24T13:50:43.395683,Analyst-C
EVT-00970,ALT-0457,status,Open,Closed,2026-09-24T14:31:13.395683,Analyst-C
EVT-00971,ALT-0458,status,,Open,2026-09-06T10:46:13.395683,System
EVT-00972,ALT-0458,status,Open,Closed,2026-09-06T12:21:13.395683,SOAR
EVT-00973,ALT-0459,status,,Open,2026-09-18T03:37:13.395683,System
EVT-00974,ALT-0459,status,Open,Closed,2026-09-18T06:11:13.395683,Analyst-B
EVT-00975,ALT-0460,status,,Open,2026-09-03T12:56:13.395683,System
EVT-00976,ALT-0460,status,Open,Closed,2026-09-03T13:41:13.395683,SOAR
EVT-00977,ALT-0461,status,,Open,2026-09-22T21:12:13.395683,System
EVT-00978,ALT-0461,status,Open,Resolved,2026-09-22T22:29:33.395683,Analyst-A
EVT-00979,ALT-0461,status,Resolved,Open,2026-09-22T23:46:53.395683,Analyst-A
EVT-00980,ALT-0461,status,Open,Closed,2026-09-23T01:04:13.395683,Analyst-A
EVT-00981,ALT-0462,status,,Open,2026-08-31T12:19:13.395683,System
EVT-00982,ALT-0462,status,Open,Closed,2026-08-31T13:30:13.395683,Analyst-C
EVT-00983,ALT-0463,status,,Open,2026-09-18T02:13:13.395683,System
EVT-00984,ALT-0463,status,Open,Closed,2026-09-18T05:36:13.395683,Analyst-D
EVT-00985,ALT-0464,status,,Open,2026-09-16T17:11:13.395683,System
EVT-00986,ALT-0464,status,Open,Closed,2026-09-16T21:06:13.395683,Analyst-B
EVT-00987,ALT-0465,status,,Open,2026-09-23T06:57:13.395683,System
EVT-00988,ALT-0465,status,Open,Closed,2026-09-23T07:54:13.395683,Analyst-D
EVT-00989,ALT-0466,status,,Open,2026-09-01T11:58:13.395683,System
EVT-00990,ALT-0466,status,Open,Closed,2026-09-01T13:26:13.395683,Analyst-D
EVT-00991,ALT-0467,status,,Open,2026-09-18T16:50:13.395683,System
EVT-00992,ALT-0467,status,Open,Closed,2026-09-18T19:06:13.395683,Analyst-D
EVT-00993,ALT-0468,status,,Open,2026-09-02T22:03:13.395683,System
EVT-00994,ALT-0468,severity,High,Low,2026-09-02T22:33:13.395683,Analyst-A
EVT-00995,ALT-0468,status,Open,Closed,2026-09-02T23:03:13.395683,Analyst-A
EVT-00996,ALT-0469,status,,Open,2026-09-28T00:36:13.395683,System
EVT-00997,ALT-0469,status,Open,Resolved,2026-09-28T02:00:53.395683,Analyst-A
EVT-00998,ALT-0469,status,Resolved,Open,2026-09-28T03:25:33.395683,Analyst-A
EVT-00999,ALT-0469,status,Open,Closed,2026-09-28T04:50:13.395683,Analyst-A
EVT-01000,ALT-0470,status,,Open,2026-09-12T15:07:13.395683,System
EVT-01001,ALT-0470,status,Open,Closed,2026-09-12T16:45:13.395683,SOAR
EVT-01002,ALT-0471,status,,Open,2026-08-31T02:11:13.395683,System
EVT-01003,ALT-0471,status,Open,Closed,2026-08-31T02:34:13.395683,Analyst-B
EVT-01004,ALT-0472,status,,Open,2026-09-25T18:42:13.395683,System
EVT-01005,ALT-0472,status,Open,Closed,2026-09-25T20:19:13.395683,SOAR
EVT-01006,ALT-0473,status,,Open,2026-08-30T12:52:13.395683,System
EVT-01007,ALT-0473,status,Open,Closed,2026-08-30T13:55:13.395683,SOAR
EVT-01008,ALT-0474,status,,Open,2026-09-08T23:39:13.395683,System
EVT-01009,ALT-0474,status,Open,Closed,2026-09-09T00:36:13.395683,Analyst-A
EVT-01010,ALT-0475,status,,Open,2026-09-28T19:14:13.395683,System
EVT-01011,ALT-0475,status,Open,Closed,2026-09-28T21:11:13.395683,Analyst-C
EVT-01012,ALT-0476,status,,Open,2026-09-13T23:57:13.395683,System
EVT-01013,ALT-0476,status,Open,Closed,2026-09-14T01:08:13.395683,SOAR
EVT-01014,ALT-0477,status,,Open,2026-09-14T07:01:13.395683,System
EVT-01015,ALT-0477,status,Open,Closed,2026-09-14T08:54:13.395683,SOAR
EVT-01016,ALT-0478,status,,Open,2026-09-13T13:17:13.395683,System
EVT-01017,ALT-0478,status,Open,Closed,2026-09-13T14:13:13.395683,Analyst-B
EVT-01018,ALT-0479,status,,Open,2026-09-21T12:21:13.395683,System
EVT-01019,ALT-0479,status,Open,Closed,2026-09-21T15:50:13.395683,SOAR
EVT-01020,ALT-0480,status,,Open,2026-09-22T08:26:13.395683,System
EVT-01021,ALT-0480,status,Open,Closed,2026-09-22T08:36:13.395683,SOAR
EVT-01022,ALT-0481,status,,Open,2026-09-10T03:04:13.395683,System
EVT-01023,ALT-0481,status,Open,Closed,2026-09-10T04:37:13.395683,Analyst-C
EVT-01024,ALT-0482,status,,Open,2026-09-06T13:24:13.395683,System
EVT-01025,ALT-0482,status,Open,Closed,2026-09-06T14:13:13.395683,SOAR
EVT-01026,ALT-0483,status,,Open,2026-09-12T12:59:13.395683,System
EVT-01027,ALT-0483,status,Open,Closed,2026-09-12T16:14:13.395683,Analyst-C
EVT-01028,ALT-0484,status,,Open,2026-09-15T22:27:13.395683,System
EVT-01029,ALT-0484,status,Open,Closed,2026-09-16T01:44:13.395683,Analyst-D
EVT-01030,ALT-0485,status,,Open,2026-09-02T02:22:13.395683,System
EVT-01031,ALT-0485,status,Open,Closed,2026-09-02T04:41:13.395683,SOAR
EVT-01032,ALT-0486,status,,Open,2026-09-22T17:08:13.395683,System
EVT-01033,ALT-0486,status,Open,Closed,2026-09-22T18:17:13.395683,SOAR
EVT-01034,ALT-0487,status,,Open,2026-09-24T09:08:13.395683,System
EVT-01035,ALT-0487,status,Open,Closed,2026-09-24T09:23:13.395683,Analyst-C
EVT-01036,ALT-0488,status,,Open,2026-09-14T03:17:13.395683,System
EVT-01037,ALT-0488,status,Open,Closed,2026-09-14T07:16:13.395683,Analyst-D
EVT-01038,ALT-0489,status,,Open,2026-09-04T07:36:13.395683,System
EVT-01039,ALT-0489,status,Open,Closed,2026-09-04T08:32:13.395683,Analyst-A
EVT-01040,ALT-0490,status,,Open,2026-09-23T16:57:13.395683,System
EVT-01041,ALT-0490,status,Open,Closed,2026-09-23T20:39:13.395683,Analyst-B
EVT-01042,ALT-0491,status,,Open,2026-09-21T17:32:13.395683,System
EVT-01043,ALT-0491,status,Open,Closed,2026-09-21T21:13:13.395683,SOAR
EVT-01044,ALT-0492,status,,Open,2026-09-29T15:10:13.395683,System
EVT-01045,ALT-0492,status,Open,Closed,2026-09-29T15:40:13.395683,Analyst-D
EVT-01046,ALT-0493,status,,Open,2026-09-06T01:41:13.395683,System
EVT-01047,ALT-0493,status,Open,Closed,2026-09-06T05:37:13.395683,SOAR
EVT-01048,ALT-0494,status,,Open,2026-09-13T03:25:13.395683,System
EVT-01049,ALT-0494,status,Open,Closed,2026-09-13T06:51:13.395683,Analyst-C
EVT-01050,ALT-0495,status,,Open,2026-09-10T09:46:13.395683,System
EVT-01051,ALT-0495,status,Open,Closed,2026-09-10T12:06:13.395683,Analyst-A
EVT-01052,ALT-0496,status,,Open,2026-09-08T23:04:13.395683,System
EVT-01053,ALT-0496,status,Open,Closed,2026-09-09T01:24:13.395683,SOAR
EVT-01054,ALT-0497,status,,Open,2026-09-07T00:28:13.395683,System
EVT-01055,ALT-0497,status,Open,Closed,2026-09-07T01:40:13.395683,SOAR
EVT-01056,ALT-0498,status,,Open,2026-09-21T00:39:13.395683,System
EVT-01057,ALT-0498,status,Open,Closed,2026-09-21T03:36:13.395683,Analyst-C
EVT-01058,ALT-0499,status,,Open,2026-09-17T06:02:13.395683,System
EVT-01059,ALT-0499,status,Open,Closed,2026-09-17T09:04:13.395683,Analyst-C
